resource_type,name,quantity,min_quantity,normal_range_low,normal_range_high,usage_rate_daily,days_until_empty,hour,day_of_week,temperature,humidity,is_anomaly,alert_level
medication,Enalapril 10mg,244,65,65,390,0.177,5,5,3,19.4,61.2,0,none
bed,Pat Secția Medicină Internă,1,0,0,1,0.254,3,5,6,,,0,none
supply,Mănuși latex,2834,126,126,630,0.162,6,16,1,,,0,none
supply,Soluție dezinfectant,1427,249,249,1245,0.109,9,20,6,,,0,none
equipment,EKG portabil,13,3,3,15,0.249,4,18,1,,,0,none
medication,Amoxicilină 500mg,488,58,58,348,0.11,9,21,1,20.8,30.7,0,none
bed,Pat Secția Ortopedie,0,0,0,1,0.147,0,3,3,,,1,critical
equipment,Defibrilator,8,2,2,10,0.122,8,4,6,,,0,none
medication,Bisoprolol 5mg,487,67,67,402,0.289,3,23,1,22.1,37.3,0,none
medication,Levotiroxină 50mcg,29,85,85,510,0.085,11,20,3,21.7,46.1,1,high
supply,Seringi 5ml,1736,392,392,1960,0.078,12,13,1,,,0,none
medication,Atorvastatină 20mg,344,29,29,174,0.136,7,1,2,20.4,58.6,0,none
supply,Bandaje sterile,512,446,446,2230,0.214,4,7,5,,,0,none
bed,Pat Secția Medicină Internă,0,0,0,1,0.091,0,16,4,,,1,critical
equipment,EKG portabil,5,3,3,15,0.11,9,21,2,,,0,none
supply,Seringi 5ml,594,289,289,1445,0.186,5,9,2,,,0,none
medication,Enalapril 10mg,566,42,42,252,0.238,4,7,2,23.3,52.0,0,none
equipment,Pulsoximetru,8,1,1,5,0.186,5,22,2,,,0,none
medication,Paracetamol 500mg,292,100,100,600,0.085,11,16,6,21.2,31.1,0,none
medication,Spironolactonă 25mg,381,48,48,288,0.275,3,1,5,21.3,40.2,0,none
bed,Pat Secția Ginecologie,1,0,0,1,0.044,22,10,0,,,0,none
equipment,Laringoscop,10,1,1,5,0.285,3,19,1,,,0,none
equipment,Spirometru,6,1,1,5,0.274,3,5,4,,,0,none
medication,Levotiroxină 50mcg,144,98,98,588,0.034,29,16,3,22.4,58.8,0,none
medication,Furosemid 40mg,563,51,51,306,0.125,8,10,3,22.4,55.9,0,none
supply,Mănuși latex,110,283,283,1415,0.05,20,0,3,,,1,high
supply,Soluție dezinfectant,2436,479,479,2395,0.189,5,11,6,,,0,none
medication,Amlodipină 5mg,280,60,60,360,0.025,40,5,0,24.0,55.6,0,none
supply,Comprese,2295,353,353,1765,0.171,5,6,5,,,0,none
bed,Pat Secția Neurologie,0,0,0,1,0.059,0,12,3,,,1,critical
supply,Seringi 5ml,973,432,432,2160,0.236,4,19,6,,,0,none
supply,Comprese,1118,308,308,1540,0.209,4,11,2,,,0,none
supply,Bandaje sterile,983,317,317,1585,0.167,5,2,1,,,0,none
bed,Pat Secția Medicină Internă,1,0,0,1,0.06,16,10,0,,,0,none
medication,Amlodipină 5mg,384,27,27,162,0.039,25,4,0,24.0,52.2,0,none
equipment,Pompă infuzie,13,1,1,5,0.06,16,23,1,,,0,none
supply,Mănuși latex,2752,298,298,1490,0.162,6,20,3,,,0,none
medication,Paracetamol 500mg,243,88,88,528,0.174,5,2,5,24.1,40.7,0,none
medication,Insulină Lantus,12,79,79,474,0.227,4,15,3,21.4,45.3,1,high
medication,Enalapril 10mg,82,52,52,312,0.213,4,1,3,23.9,39.3,0,none
equipment,Monitor pacient,9,2,2,10,0.263,3,20,5,,,1,medium
equipment,Aparat radiologie,6,1,1,5,0.062,16,16,2,,,0,none
medication,Metformin 850mg,598,30,30,180,0.19,5,9,2,21.9,54.5,0,none
supply,Bandaje sterile,2526,302,302,1510,0.11,9,3,4,,,0,none
medication,Levotiroxină 50mcg,510,30,30,180,0.079,12,21,6,24.5,56.2,0,none
equipment,Pulsoximetru,13,1,1,5,0.255,3,11,3,,,0,none
medication,Insulină Lantus,390,76,76,456,0.168,5,11,2,19.8,45.4,0,none
medication,Ciprofloxacin 500mg,489,56,56,336,0.249,4,23,1,22.6,59.3,0,none
supply,Ace vacutainer,2732,294,294,1470,0.289,3,12,3,,,0,none
medication,Levotiroxină 50mcg,209,47,47,282,0.01,100,3,0,22.7,35.3,0,none
medication,Losartan 50mg,178,100,100,600,0.205,4,9,4,22.4,58.4,0,none
bed,Pat Secția Ortopedie,0,0,0,1,0.267,0,15,0,,,1,critical
bed,Pat Secția Ortopedie,1,0,0,1,0.119,8,12,4,,,0,none
equipment,Aparat RMN,15,1,1,5,0.073,13,7,0,,,0,none
medication,Dexametazonă 4mg,225,82,82,492,0.208,4,7,3,21.6,29.8,0,none
medication,Clopidogrel 75mg,590,43,43,258,0.227,4,22,4,24.2,54.4,0,none
equipment,EKG portabil,7,2,2,10,0.184,5,1,2,,,0,none
medication,Enalapril 10mg,592,32,32,192,0.034,29,4,4,23.3,54.5,0,none
equipment,EKG portabil,2,3,3,15,0.043,23,12,5,,,0,none
medication,Tramadol 50mg,342,77,77,462,0.162,6,23,4,19.9,29.3,0,none
equipment,Monitor pacient,10,3,3,15,0.14,7,10,1,,,0,none
bed,Pat Secția Medicină Internă,0,0,0,1,0.152,0,17,6,,,1,critical
equipment,Pompă infuzie,7,2,2,10,0.16,6,19,4,,,0,none
supply,Seringi 5ml,1772,139,139,695,0.153,6,21,6,,,0,none
bed,Pat Secția Neurologie,1,0,0,1,0.26,3,13,1,,,0,none
bed,Pat Secția Medicină Internă,1,0,0,1,0.295,3,11,3,,,0,none
bed,Pat Secția Ortopedie,0,0,0,1,0.131,0,13,1,,,1,critical
equipment,Aparat CT,9,1,1,5,0.036,27,6,4,,,0,none
bed,Pat Secția ATI,1,0,0,1,0.164,6,22,0,,,0,none
medication,Omeprazol 20mg,13,83,83,498,0.032,31,21,5,22.9,53.8,0,none
bed,Pat Secția Cardiologie,1,0,0,1,0.277,3,7,0,,,0,none
equipment,Aparat CT,6,2,2,10,0.178,5,1,2,,,0,none
supply,Seringi 5ml,993,343,343,1715,0.205,4,23,2,,,0,none
equipment,Spirometru,6,3,3,15,0.075,13,7,5,,,0,none
supply,Mănuși latex,627,346,346,1730,0.257,3,6,4,,,0,none
supply,Bandaje sterile,1319,497,497,2485,0.289,3,14,6,,,0,none
medication,Spironolactonă 25mg,188,61,61,366,0.172,5,20,5,24.4,27.0,0,none
bed,Pat Secția Ginecologie,1,0,0,1,0.27,3,3,6,,,0,none
supply,Bandaje sterile,2894,196,196,980,0.128,7,22,4,,,0,none
equipment,Aparat radiologie,10,2,2,10,0.114,8,6,5,,,0,none
supply,Ace vacutainer,1303,219,219,1095,0.037,27,1,4,,,0,none
medication,Tramadol 50mg,409,86,86,516,0.202,4,19,0,20.8,36.4,0,none
supply,Soluție dezinfectant,2372,375,375,1875,0.145,6,23,0,,,0,none
supply,Bandaje sterile,2877,155,155,775,0.144,6,6,2,,,0,none
supply,Mănuși latex,1714,305,305,1525,0.157,6,6,1,,,0,none
bed,Pat Secția Ginecologie,0,0,0,1,0.281,0,15,5,,,1,critical
medication,Tramadol 50mg,231,57,57,342,0.293,3,5,2,22.8,49.5,0,none
medication,Amlodipină 5mg,96,98,98,588,0.162,6,1,3,21.3,38.3,0,none
supply,Catetere IV,1280,257,257,1285,0.272,3,17,0,,,0,none
supply,Ace vacutainer,1188,237,237,1185,0.059,16,17,6,,,0,none
bed,Pat Secția Medicină Internă,0,0,0,1,0.056,0,11,0,,,1,critical
supply,Ace vacutainer,1799,310,310,1550,0.112,8,2,0,,,0,none
supply,Catetere IV,2692,133,133,665,0.294,3,8,0,,,0,none
supply,Ace vacutainer,422,258,258,1290,0.154,6,17,4,,,0,none
supply,Comprese,1914,119,119,595,0.103,9,4,2,,,0,none
bed,Pat Secția Chirurgie,0,0,0,1,0.157,0,12,6,,,1,critical
medication,Amoxicilină 500mg,27,45,45,270,0.102,9,23,4,21.0,41.6,0,none
supply,Bandaje sterile,990,345,345,1725,0.121,8,18,5,,,0,none
bed,Pat Secția Ortopedie,0,0,0,1,0.235,0,7,1,,,1,critical
equipment,Ecograf,10,2,2,10,0.037,27,17,6,,,0,none
supply,Seringi 5ml,2544,218,218,1090,0.237,4,8,5,,,0,none
supply,Bandaje sterile,1204,101,101,505,0.12,8,16,5,,,0,none
medication,Levotiroxină 50mcg,195,45,45,270,0.244,4,17,4,22.2,52.3,0,none
medication,Clopidogrel 75mg,104,87,87,522,0.121,8,8,5,24.1,47.5,0,none
bed,Pat Secția Pediatrie,0,0,0,1,0.092,0,5,3,,,1,critical
bed,Pat Secția Medicină Internă,1,0,0,1,0.11,9,6,2,,,0,none
bed,Pat Secția ATI,1,0,0,1,0.057,17,17,5,,,0,none
bed,Pat Secția Neurologie,1,0,0,1,0.265,3,20,6,,,0,none
medication,Furosemid 40mg,437,97,97,582,0.263,3,10,1,21.6,49.0,0,none
bed,Pat Secția Ortopedie,1,0,0,1,0.023,43,17,4,,,0,none
medication,Ibuprofen 400mg,348,55,55,330,0.05,19,14,1,27.4,33.3,0,none
supply,Catetere IV,2731,293,293,1465,0.16,6,14,4,,,0,none
equipment,Aparat radiologie,5,2,2,10,0.015,66,14,5,,,0,none
bed,Pat Secția ATI,1,0,0,1,0.179,5,8,4,,,0,none
equipment,Ecograf,2,1,1,5,0.289,3,16,2,,,0,none
supply,Tuburi colectare sânge,420,272,272,1360,0.124,8,13,3,,,0,none
supply,Seringi 5ml,2673,273,273,1365,0.032,31,13,0,,,0,none
supply,Catetere IV,2012,439,439,2195,0.095,10,23,5,,,0,none
medication,Losartan 50mg,212,67,67,402,0.187,5,13,4,21.6,44.8,0,none
bed,Pat Secția Pediatrie,1,0,0,1,0.23,4,10,6,,,1,medium
equipment,Electroencefalograf,10,1,1,5,0.15,6,4,6,,,0,none
supply,Ace vacutainer,728,387,387,1935,0.136,7,22,4,,,0,none
supply,Soluție dezinfectant,1825,163,163,815,0.097,10,4,2,,,0,none
medication,Atorvastatină 20mg,551,61,61,366,0.263,3,13,5,22.9,53.6,0,none
bed,Pat Secția Chirurgie,1,0,0,1,0.231,4,20,2,,,0,none
supply,Catetere IV,2290,126,126,630,0.205,4,16,2,,,0,none
medication,Amoxicilină 500mg,22,30,30,180,0.257,3,12,4,19.4,67.6,1,medium
supply,Comprese,6,488,488,2440,0.095,10,4,6,,,0,none
bed,Pat Secția Ginecologie,1,0,0,1,0.112,8,15,0,,,0,none
bed,Pat Secția Ortopedie,1,0,0,1,0.13,7,6,5,,,0,none
equipment,Monitor pacient,5,3,3,15,0.092,10,8,3,,,0,none
equipment,Aparat radiologie,7,3,3,15,0.224,4,3,4,,,0,none
medication,Enalapril 10mg,200,48,48,288,0.118,8,2,3,21.3,28.9,0,none
medication,Atorvastatină 20mg,127,77,77,462,0.097,10,14,3,22.9,41.0,0,none
equipment,Ventilator mecanic,7,1,1,5,0.284,3,10,5,,,0,none
medication,Spironolactonă 25mg,567,97,97,582,0.152,6,15,6,23.7,34.3,0,none
supply,Comprese,1168,357,357,1785,0.217,4,11,6,,,0,none
medication,Diazepam 5mg,259,23,23,138,0.289,3,15,3,19.5,47.7,0,none
medication,Amlodipină 5mg,153,22,22,132,0.288,3,14,2,24.4,51.5,0,none
equipment,Monitor pacient,2,1,1,5,0.102,9,6,5,,,0,none
supply,Seringi 5ml,2547,401,401,2005,0.027,37,22,0,,,0,none
supply,Ace vacutainer,137,309,309,1545,0.118,8,7,5,,,1,high
medication,Amlodipină 5mg,351,51,51,306,0.162,6,10,5,20.9,37.0,0,none
medication,Aspirină 100mg,205,36,36,216,0.283,3,1,5,20.2,24.7,0,none
supply,Seringi 5ml,1065,338,338,1690,0.018,55,23,0,,,0,none
medication,Atorvastatină 20mg,315,94,94,564,0.297,3,13,0,24.7,52.3,0,none
supply,Catetere IV,1287,141,141,705,0.035,28,10,4,,,0,none
medication,Diazepam 5mg,283,71,71,426,0.134,7,9,3,17.7,52.2,0,none
equipment,Spirometru,11,2,2,10,0.158,6,8,5,,,0,none
equipment,Aparat radiologie,7,2,2,10,0.205,4,12,4,,,0,none
bed,Pat Secția ATI,1,0,0,1,0.216,4,10,4,,,0,none
supply,Seringi 5ml,2157,428,428,2140,0.189,5,5,5,,,0,none
medication,Atorvastatină 20mg,3,43,43,258,0.177,5,9,6,23.6,45.9,1,high
equipment,Defibrilator,10,3,3,15,0.132,7,2,2,,,0,none
medication,Amoxicilină 500mg,221,31,31,186,0.164,6,9,3,20.6,63.8,0,none
medication,Furosemid 40mg,92,52,52,312,0.142,7,10,1,21.9,53.4,0,none
medication,Enalapril 10mg,2,44,44,264,0.105,9,23,6,19.9,25.3,1,high
medication,Ciprofloxacin 500mg,492,48,48,288,0.253,3,17,5,20.6,29.7,0,none
equipment,Monitor pacient,15,2,2,10,0.149,6,2,1,,,0,none
bed,Pat Secția Chirurgie,0,0,0,1,0.013,0,11,1,,,1,critical
medication,Levotiroxină 50mcg,325,88,88,528,0.246,4,19,4,22.3,35.6,0,none
medication,Metformin 850mg,500,90,90,540,0.185,5,19,6,19.3,32.6,0,none
equipment,Electroencefalograf,15,3,3,15,0.24,4,5,4,,,0,none
bed,Pat Secția Neurologie,1,0,0,1,0.244,4,3,3,,,0,none
equipment,Spirometru,10,1,1,5,0.072,13,3,4,,,0,none
medication,Dexametazonă 4mg,585,31,31,186,0.169,5,1,5,23.2,47.3,0,none
equipment,Monitor pacient,14,2,2,10,0.065,15,19,6,,,0,none
medication,Aspirină 100mg,105,97,97,582,0.264,3,23,6,22.2,62.0,0,none
medication,Furosemid 40mg,104,42,42,252,0.028,35,15,1,20.3,74.2,0,none
medication,Insulină Lantus,90,45,45,270,0.082,12,20,2,19.5,59.8,0,none
bed,Pat Secția Neurologie,0,0,0,1,0.021,0,9,2,,,1,critical
medication,Diazepam 5mg,545,31,31,186,0.205,4,1,4,25.3,45.0,0,none
equipment,Aparat CT,5,3,3,15,0.233,4,13,5,,,0,none
bed,Pat Secția Ortopedie,0,0,0,1,0.227,0,9,0,,,1,critical
supply,Bandaje sterile,2447,402,402,2010,0.039,25,19,6,,,0,none
bed,Pat Secția Pediatrie,1,0,0,1,0.054,18,21,0,,,0,none
bed,Pat Secția Chirurgie,0,0,0,1,0.132,0,22,5,,,1,critical
equipment,Laringoscop,7,3,3,15,0.189,5,22,5,,,1,medium
equipment,Ventilator mecanic,3,3,3,15,0.083,12,3,3,,,0,none
equipment,Pulsoximetru,14,3,3,15,0.278,3,2,5,,,0,none
bed,Pat Secția Neurologie,1,0,0,1,0.059,16,19,4,,,0,none
supply,Bandaje sterile,124,370,370,1850,0.066,15,22,0,,,1,high
supply,Seringi 5ml,1414,391,391,1955,0.077,12,20,5,,,0,none
bed,Pat Secția Neurologie,1,0,0,1,0.048,20,20,3,,,0,none
medication,Omeprazol 20mg,161,38,38,228,0.019,52,21,3,23.3,40.9,0,none
medication,Tramadol 50mg,131,52,52,312,0.243,4,3,1,21.3,42.3,0,none
medication,Ibuprofen 400mg,339,85,85,510,0.267,3,0,5,26.0,35.5,0,none
bed,Pat Secția Ortopedie,0,0,0,1,0.244,0,17,0,,,1,critical
medication,Aspirină 100mg,268,21,21,126,0.131,7,9,3,21.6,69.8,0,none
equipment,Aparat radiologie,6,1,1,5,0.218,4,2,5,,,1,medium
equipment,Electroencefalograf,10,3,3,15,0.106,9,22,2,,,0,none
medication,Metformin 850mg,398,62,62,372,0.192,5,4,1,19.7,43.9,0,none
equipment,Aparat CT,8,3,3,15,0.265,3,22,4,,,0,none
supply,Comprese,303,205,205,1025,0.123,8,13,5,,,0,none
medication,Enalapril 10mg,23,31,31,186,0.298,3,17,3,23.6,45.5,0,none
bed,Pat Secția Pediatrie,1,0,0,1,0.272,3,18,4,,,0,none
medication,Ciprofloxacin 500mg,17,46,46,276,0.105,9,16,4,23.0,28.7,0,none
supply,Bandaje sterile,2941,391,391,1955,0.094,10,22,6,,,0,none
medication,Diazepam 5mg,576,26,26,156,0.288,3,14,1,19.5,40.0,0,none
bed,Pat Secția Ortopedie,1,0,0,1,0.072,13,18,2,,,0,none
supply,Bandaje sterile,2693,473,473,2365,0.124,8,17,2,,,1,medium
bed,Pat Secția Ortopedie,1,0,0,1,0.252,3,22,5,,,0,none
medication,Aspirină 100mg,376,88,88,528,0.202,4,5,4,24.6,36.2,0,none
bed,Pat Secția Chirurgie,0,0,0,1,0.055,0,1,3,,,1,critical
bed,Pat Secția Neurologie,1,0,0,1,0.165,6,13,3,,,0,none
bed,Pat Secția Ginecologie,0,0,0,1,0.187,0,10,6,,,1,critical
supply,Tuburi colectare sânge,1101,475,475,2375,0.091,10,18,3,,,0,none
medication,Amoxicilină 500mg,236,65,65,390,0.194,5,15,2,24.4,35.9,0,none
supply,Bandaje sterile,2060,458,458,2290,0.191,5,22,3,,,0,none
bed,Pat Secția Chirurgie,0,0,0,1,0.215,0,16,3,,,1,critical
supply,Bandaje sterile,1755,327,327,1635,0.104,9,23,5,,,0,none
medication,Spironolactonă 25mg,504,74,74,444,0.085,11,19,3,20.9,51.9,0,none
supply,Catetere IV,1272,157,157,785,0.187,5,19,3,,,0,none
medication,Paracetamol 500mg,51,92,92,552,0.287,3,5,0,23.0,36.4,0,none
medication,Ibuprofen 400mg,87,61,61,366,0.177,5,4,1,23.0,42.4,0,none
equipment,Spirometru,9,3,3,15,0.072,13,19,1,,,0,none
equipment,Pulsoximetru,9,1,1,5,0.175,5,8,3,,,0,none
supply,Seringi 5ml,339,424,424,2120,0.264,3,6,1,,,0,none
bed,Pat Secția ATI,0,0,0,1,0.253,0,7,3,,,1,critical
supply,Soluție dezinfectant,2158,304,304,1520,0.126,7,3,2,,,0,none
medication,Amlodipină 5mg,426,22,22,132,0.11,9,12,0,20.4,37.9,0,none
bed,Pat Secția Ortopedie,0,0,0,1,0.154,0,10,5,,,1,critical
medication,Losartan 50mg,587,28,28,168,0.041,24,22,4,22.8,36.6,0,none
equipment,Laringoscop,15,3,3,15,0.055,18,23,0,,,0,none
medication,Amoxicilină 500mg,365,61,61,366,0.22,4,20,6,20.6,34.4,0,none
bed,Pat Secția Ginecologie,1,0,0,1,0.109,9,4,0,,,0,none
bed,Pat Secția Ortopedie,0,0,0,1,0.131,0,19,2,,,1,critical
equipment,Laringoscop,9,2,2,10,0.094,10,14,4,,,0,none
supply,Seringi 5ml,1968,275,275,1375,0.034,29,18,5,,,0,none
supply,Mănuși latex,2486,358,358,1790,0.029,34,11,0,,,0,none
medication,Amlodipină 5mg,306,32,32,192,0.24,4,5,2,22.3,49.4,0,none
bed,Pat Secția Medicină Internă,0,0,0,1,0.16,0,21,4,,,1,critical
equipment,Aparat RMN,8,2,2,10,0.112,8,18,0,,,0,none
equipment,Pompă infuzie,6,2,2,10,0.22,4,22,1,,,0,none
supply,Ace vacutainer,911,492,492,2460,0.135,7,15,0,,,0,none
medication,Levotiroxină 50mcg,577,42,42,252,0.286,3,18,2,22.4,25.3,0,none
medication,Insulină Lantus,246,58,58,348,0.261,3,11,4,21.0,46.2,0,none
medication,Ibuprofen 400mg,112,35,35,210,0.285,3,14,3,24.2,31.8,0,none
supply,Ace vacutainer,984,439,439,2195,0.031,32,8,5,,,0,none
equipment,Ventilator mecanic,3,2,2,10,0.283,3,16,2,,,0,none
equipment,Ecograf,4,2,2,10,0.088,11,20,3,,,0,none
medication,Insulină Lantus,546,62,62,372,0.264,3,6,4,21.4,40.1,0,none
bed,Pat Secția Neurologie,1,0,0,1,0.111,9,21,5,,,1,medium
supply,Soluție dezinfectant,1990,482,482,2410,0.183,5,11,4,,,0,none
medication,Levotiroxină 50mcg,412,25,25,150,0.055,18,16,6,24.4,37.4,0,none
medication,Omeprazol 20mg,420,41,41,246,0.079,12,20,6,23.6,43.0,0,none
medication,Paracetamol 500mg,476,33,33,198,0.083,12,14,5,21.7,37.5,0,none
bed,Pat Secția Ginecologie,0,0,0,1,0.293,0,11,5,,,1,critical
medication,Bisoprolol 5mg,42,86,86,516,0.217,4,22,6,21.2,47.9,1,high
medication,Spironolactonă 25mg,397,32,32,192,0.016,62,19,5,25.8,48.8,0,none
supply,Tuburi colectare sânge,144,296,296,1480,0.143,6,1,3,,,0,none
equipment,Electroencefalograf,10,1,1,5,0.284,3,21,0,,,0,none
equipment,Electroencefalograf,3,1,1,5,0.227,4,7,5,,,0,none
equipment,Spirometru,15,3,3,15,0.133,7,7,2,,,0,none
bed,Pat Secția Ortopedie,1,0,0,1,0.3,3,21,6,,,0,none
equipment,Aparat CT,10,2,2,10,0.023,43,4,1,,,0,none
equipment,Defibrilator,5,1,1,5,0.29,3,11,6,,,0,none
medication,Omeprazol 20mg,7,29,29,174,0.089,11,9,1,20.3,45.4,1,high
supply,Catetere IV,1659,444,444,2220,0.278,3,22,6,,,0,none
supply,Catetere IV,1808,493,493,2465,0.248,4,22,2,,,0,none
equipment,EKG portabil,4,3,3,15,0.233,4,21,0,,,0,none
supply,Tuburi colectare sânge,2758,469,469,2345,0.076,13,20,3,,,0,none
bed,Pat Secția Medicină Internă,1,0,0,1,0.249,4,10,1,,,0,none
bed,Pat Secția Ortopedie,0,0,0,1,0.27,0,18,2,,,1,critical
supply,Mănuși latex,579,359,359,1795,0.261,3,13,4,,,0,none
medication,Enalapril 10mg,131,45,45,270,0.241,4,8,5,21.0,37.6,0,none
medication,Insulină Lantus,84,33,33,198,0.18,5,17,4,22.4,39.7,0,none
medication,Spironolactonă 25mg,313,70,70,420,0.293,3,14,2,20.9,39.2,0,none
bed,Pat Secția Cardiologie,0,0,0,1,0.119,0,8,2,,,1,critical
bed,Pat Secția Chirurgie,0,0,0,1,0.241,0,21,6,,,1,critical
supply,Soluție dezinfectant,349,209,209,1045,0.121,8,16,0,,,0,none
supply,Bandaje sterile,237,205,205,1025,0.17,5,17,0,,,0,none
supply,Comprese,1820,469,469,2345,0.134,7,3,4,,,0,none
supply,Ace vacutainer,2034,141,141,705,0.085,11,5,0,,,0,none
bed,Pat Secția Pediatrie,0,0,0,1,0.068,0,1,0,,,1,critical
medication,Diazepam 5mg,173,89,89,534,0.07,14,6,0,17.9,43.9,0,none
equipment,Monitor pacient,8,2,2,10,0.023,43,13,5,,,0,none
supply,Catetere IV,444,378,378,1890,0.079,12,4,5,,,0,none
supply,Seringi 5ml,1979,315,315,1575,0.2,5,2,5,,,0,none
equipment,Ecograf,8,1,1,5,0.022,45,16,3,,,0,none
supply,Ace vacutainer,421,356,356,1780,0.123,8,1,1,,,0,none
bed,Pat Secția Medicină Internă,1,0,0,1,0.255,3,12,2,,,0,none
supply,Tuburi colectare sânge,1222,155,155,775,0.181,5,1,2,,,0,none
supply,Comprese,2495,449,449,2245,0.016,62,8,6,,,0,none
supply,Seringi 5ml,2312,468,468,2340,0.216,4,0,1,,,0,none
medication,Bisoprolol 5mg,117,96,96,576,0.141,7,17,0,21.8,35.4,0,none
supply,Comprese,1626,378,378,1890,0.051,19,0,3,,,0,none
medication,Metformin 850mg,340,51,51,306,0.029,34,12,5,24.6,60.6,0,none
bed,Pat Secția Ortopedie,0,0,0,1,0.051,0,18,5,,,1,critical
bed,Pat Secția ATI,1,0,0,1,0.116,8,0,1,,,0,none
bed,Pat Secția Cardiologie,0,0,0,1,0.234,0,7,6,,,1,critical
equipment,Monitor pacient,4,3,3,15,0.253,3,0,3,,,0,none
equipment,Defibrilator,15,2,2,10,0.257,3,10,2,,,0,none
equipment,Defibrilator,13,3,3,15,0.215,4,5,5,,,0,none
medication,Ibuprofen 400mg,90,39,39,234,0.274,3,2,4,20.8,55.5,0,none
supply,Tuburi colectare sânge,2319,396,396,1980,0.013,76,19,3,,,0,none
medication,Tramadol 50mg,83,82,82,492,0.213,4,11,3,17.6,45.0,0,none
bed,Pat Secția Pediatrie,0,0,0,1,0.048,0,22,3,,,1,critical
medication,Amoxicilină 500mg,401,52,52,312,0.167,5,20,5,20.3,42.0,0,none
medication,Insulină Lantus,572,53,53,318,0.043,23,12,3,19.1,48.3,0,none
bed,Pat Secția ATI,1,0,0,1,0.091,10,20,6,,,0,none
supply,Tuburi colectare sânge,2770,425,425,2125,0.204,4,2,5,,,0,none
supply,Comprese,182,216,216,1080,0.075,13,23,6,,,1,medium
supply,Tuburi colectare sânge,1365,486,486,2430,0.295,3,8,6,,,0,none
medication,Paracetamol 500mg,309,89,89,534,0.091,10,1,4,20.7,64.2,0,none
equipment,Spirometru,4,1,1,5,0.167,5,12,0,,,0,none
bed,Pat Secția Pediatrie,0,0,0,1,0.15,0,18,2,,,1,critical
bed,Pat Secția Pediatrie,1,0,0,1,0.13,7,3,0,,,0,none
equipment,Aparat radiologie,8,2,2,10,0.099,10,9,5,,,0,none
supply,Catetere IV,1398,336,336,1680,0.053,18,14,1,,,0,none
medication,Furosemid 40mg,215,57,57,342,0.157,6,21,0,22.1,31.8,0,none
supply,Ace vacutainer,2806,294,294,1470,0.163,6,13,0,,,0,none
bed,Pat Secția Ortopedie,0,0,0,1,0.277,0,22,6,,,1,critical
equipment,Defibrilator,9,1,1,5,0.28,3,15,0,,,0,none
supply,Tuburi colectare sânge,1805,333,333,1665,0.137,7,1,6,,,0,none
supply,Catetere IV,591,292,292,1460,0.075,13,5,5,,,0,none
bed,Pat Secția Ginecologie,0,0,0,1,0.204,0,14,6,,,1,critical
medication,Clopidogrel 75mg,126,36,36,216,0.171,5,5,5,22.5,35.1,0,none
bed,Pat Secția Medicină Internă,1,0,0,1,0.068,14,21,6,,,0,none
medication,Enalapril 10mg,220,98,98,588,0.181,5,8,3,24.0,46.4,0,none
supply,Seringi 5ml,1547,389,389,1945,0.296,3,7,5,,,0,none
bed,Pat Secția Ortopedie,1,0,0,1,0.2,5,14,4,,,0,none
bed,Pat Secția Neurologie,0,0,0,1,0.184,0,16,2,,,1,critical
medication,Ibuprofen 400mg,33,68,68,408,0.26,3,17,2,21.5,56.1,1,high
bed,Pat Secția Cardiologie,0,0,0,1,0.044,0,16,6,,,1,critical
medication,Aspirină 100mg,370,64,64,384,0.289,3,16,6,23.5,45.3,0,none
equipment,Spirometru,5,1,1,5,0.116,8,15,4,,,0,none
bed,Pat Secția Ortopedie,1,0,0,1,0.168,5,5,0,,,1,medium
medication,Furosemid 40mg,133,41,41,246,0.045,22,15,0,22.7,42.4,0,none
bed,Pat Secția Neurologie,1,0,0,1,0.29,3,18,6,,,0,none
supply,Bandaje sterile,2211,341,341,1705,0.174,5,5,4,,,0,none
equipment,Spirometru,12,1,1,5,0.083,12,9,4,,,0,none
equipment,Pulsoximetru,3,3,3,15,0.247,4,21,4,,,0,none
equipment,Monitor pacient,2,2,2,10,0.012,83,5,4,,,0,none
supply,Seringi 5ml,1929,102,102,510,0.016,62,1,1,,,0,none
equipment,Monitor pacient,6,3,3,15,0.033,30,4,5,,,0,none
medication,Paracetamol 500mg,84,82,82,492,0.115,8,8,0,20.0,52.3,0,none
supply,Mănuși latex,227,237,237,1185,0.128,7,20,5,,,1,medium
medication,Metformin 850mg,364,41,41,246,0.128,7,14,2,21.4,63.4,0,none
medication,Insulină Lantus,56,81,81,486,0.165,6,17,6,22.1,46.5,0,none
bed,Pat Secția Ginecologie,0,0,0,1,0.272,0,6,3,,,1,critical
equipment,Laringoscop,1,2,2,10,0.024,41,14,4,,,1,medium
medication,Enalapril 10mg,410,82,82,492,0.032,31,17,2,21.1,45.0,0,none
supply,Seringi 5ml,391,286,286,1430,0.023,43,13,3,,,0,none
supply,Tuburi colectare sânge,2741,167,167,835,0.018,55,2,4,,,0,none
medication,Metformin 850mg,575,39,39,234,0.169,5,4,1,22.2,50.6,0,none
supply,Seringi 5ml,1100,394,394,1970,0.198,5,15,4,,,0,none
medication,Aspirină 100mg,105,63,63,378,0.165,6,11,2,22.3,41.3,0,none
bed,Pat Secția Ginecologie,0,0,0,1,0.092,0,0,6,,,1,critical
equipment,Aparat RMN,5,3,3,15,0.259,3,9,1,,,0,none
medication,Diazepam 5mg,243,94,94,564,0.129,7,11,4,26.0,56.0,0,none
medication,Amoxicilină 500mg,182,58,58,348,0.199,5,15,5,18.8,50.3,0,none
supply,Tuburi colectare sânge,1966,187,187,935,0.266,3,6,5,,,0,none
medication,Bisoprolol 5mg,311,99,99,594,0.27,3,5,4,23.9,43.4,0,none
equipment,Pompă infuzie,15,2,2,10,0.228,4,7,4,,,0,none
bed,Pat Secția ATI,0,0,0,1,0.188,0,7,2,,,1,critical
bed,Pat Secția ATI,1,0,0,1,0.046,21,13,0,,,0,none
supply,Seringi 5ml,2324,246,246,1230,0.013,76,22,2,,,0,none
equipment,Aparat RMN,7,1,1,5,0.094,10,12,5,,,0,none
supply,Bandaje sterile,515,287,287,1435,0.086,11,1,1,,,0,none
equipment,Aparat radiologie,4,1,1,5,0.183,5,8,6,,,0,none
supply,Seringi 5ml,410,447,447,2235,0.106,9,22,0,,,0,none
supply,Bandaje sterile,746,302,302,1510,0.1,9,15,6,,,0,none
medication,Furosemid 40mg,13,21,21,126,0.194,5,19,6,22.9,72.4,0,none
supply,Ace vacutainer,1836,256,256,1280,0.057,17,20,1,,,0,none
bed,Pat Secția Neurologie,1,0,0,1,0.208,4,15,6,,,0,none
equipment,Ecograf,6,1,1,5,0.26,3,5,1,,,1,medium
equipment,Ventilator mecanic,12,2,2,10,0.145,6,12,2,,,0,none
medication,Omeprazol 20mg,146,97,97,582,0.173,5,22,5,23.6,47.9,0,none
equipment,Ecograf,14,3,3,15,0.1,9,16,3,,,0,none
medication,Bisoprolol 5mg,325,53,53,318,0.201,4,9,1,21.3,41.0,0,none
supply,Bandaje sterile,2965,461,461,2305,0.227,4,14,2,,,0,none
bed,Pat Secția Pediatrie,0,0,0,1,0.19,0,7,5,,,1,critical
supply,Seringi 5ml,1135,263,263,1315,0.258,3,21,4,,,0,none
bed,Pat Secția Neurologie,0,0,0,1,0.159,0,7,2,,,1,critical
equipment,Defibrilator,14,3,3,15,0.039,25,0,3,,,0,none
medication,Bisoprolol 5mg,254,100,100,600,0.27,3,1,1,24.1,44.1,0,none
medication,Aspirină 100mg,156,57,57,342,0.23,4,0,5,20.2,40.9,0,none
supply,Tuburi colectare sânge,644,128,128,640,0.08,12,10,0,,,0,none
equipment,Ventilator mecanic,4,1,1,5,0.105,9,15,5,,,0,none
medication,Clopidogrel 75mg,332,88,88,528,0.259,3,18,2,19.9,33.4,0,none
medication,Enalapril 10mg,306,63,63,378,0.124,8,18,4,24.0,60.2,0,none
bed,Pat Secția Medicină Internă,1,0,0,1,0.077,12,1,3,,,0,none
supply,Mănuși latex,2401,146,146,730,0.255,3,23,2,,,0,none
bed,Pat Secția Neurologie,0,0,0,1,0.221,0,8,6,,,1,critical
bed,Pat Secția Ginecologie,0,0,0,1,0.107,0,10,2,,,1,critical
equipment,Ecograf,15,2,2,10,0.135,7,16,5,,,0,none
supply,Ace vacutainer,1677,225,225,1125,0.015,66,3,5,,,0,none
equipment,Ecograf,11,3,3,15,0.263,3,22,3,,,0,none
medication,Enalapril 10mg,9,20,20,120,0.143,6,9,1,24.6,49.6,0,none
supply,Soluție dezinfectant,2734,433,433,2165,0.132,7,2,2,,,0,none
medication,Omeprazol 20mg,432,23,23,138,0.275,3,23,6,21.2,42.3,0,none
medication,Losartan 50mg,427,32,32,192,0.256,3,19,1,19.6,46.1,0,none
equipment,Ecograf,9,3,3,15,0.07,14,12,5,,,0,none
medication,Atorvastatină 20mg,568,86,86,516,0.043,23,15,5,20.2,42.9,0,none
equipment,Laringoscop,6,2,2,10,0.28,3,11,5,,,0,none
medication,Furosemid 40mg,390,62,62,372,0.298,3,17,6,23.2,54.6,0,none
equipment,EKG portabil,8,1,1,5,0.217,4,0,5,,,0,none
supply,Mănuși latex,2757,442,442,2210,0.284,3,4,5,,,0,none
medication,Omeprazol 20mg,360,73,73,438,0.092,10,7,5,21.4,27.8,0,none
bed,Pat Secția Cardiologie,0,0,0,1,0.233,0,16,6,,,1,critical
supply,Soluție dezinfectant,422,428,428,2140,0.084,11,6,3,,,0,none
equipment,Ecograf,5,2,2,10,0.149,6,13,3,,,0,none
equipment,Electroencefalograf,7,2,2,10,0.118,8,10,6,,,0,none
equipment,Ecograf,2,2,2,10,0.098,10,11,5,,,0,none
supply,Soluție dezinfectant,1647,206,206,1030,0.299,3,2,4,,,0,none
medication,Diazepam 5mg,214,95,95,570,0.28,3,1,1,19.8,60.4,1,medium
medication,Bisoprolol 5mg,219,50,50,300,0.233,4,15,6,22.2,60.0,0,none
medication,Tramadol 50mg,570,81,81,486,0.041,24,13,0,20.3,54.1,0,none
supply,Seringi 5ml,423,173,173,865,0.086,11,11,6,,,0,none
medication,Bisoprolol 5mg,24,27,27,162,0.299,3,16,5,21.4,30.5,1,medium
supply,Comprese,2326,353,353,1765,0.126,7,16,4,,,0,none
equipment,Monitor pacient,7,1,1,5,0.124,8,9,1,,,1,medium
equipment,Spirometru,11,1,1,5,0.018,55,9,1,,,0,none
medication,Spironolactonă 25mg,314,99,99,594,0.282,3,15,5,23.6,43.7,0,none
equipment,Aparat radiologie,10,3,3,15,0.13,7,13,6,,,0,none
equipment,Aparat CT,10,2,2,10,0.211,4,16,4,,,0,none
supply,Bandaje sterile,595,272,272,1360,0.055,18,20,3,,,0,none
medication,Aspirină 100mg,130,51,51,306,0.021,47,9,0,19.7,56.9,0,none
equipment,Ecograf,3,2,2,10,0.033,30,18,5,,,0,none
medication,Amlodipină 5mg,104,86,86,516,0.257,3,16,0,20.9,53.8,0,none
equipment,Electroencefalograf,9,1,1,5,0.256,3,4,3,,,0,none
equipment,Monitor pacient,13,2,2,10,0.151,6,18,4,,,0,none
equipment,Defibrilator,7,1,1,5,0.105,9,19,2,,,0,none
bed,Pat Secția Pediatrie,1,0,0,1,0.098,10,5,6,,,1,medium
bed,Pat Secția Medicină Internă,1,0,0,1,0.166,6,6,5,,,0,none
medication,Diazepam 5mg,240,79,79,474,0.032,31,7,0,24.1,27.7,0,none
bed,Pat Secția ATI,0,0,0,1,0.12,0,18,6,,,1,critical
medication,Amlodipină 5mg,124,97,97,582,0.231,4,13,0,21.7,46.5,0,none
equipment,Spirometru,13,1,1,5,0.263,3,23,0,,,0,none
bed,Pat Secția Medicină Internă,1,0,0,1,0.256,3,21,5,,,0,none
supply,Ace vacutainer,2974,348,348,1740,0.129,7,6,2,,,0,none
medication,Ibuprofen 400mg,225,53,53,318,0.033,30,2,4,25.8,59.5,0,none
bed,Pat Secția Chirurgie,1,0,0,1,0.013,76,2,5,,,0,none
supply,Bandaje sterile,1289,425,425,2125,0.044,22,21,0,,,0,none
medication,Diazepam 5mg,39,84,84,504,0.115,8,1,6,24.0,45.0,1,high
medication,Ciprofloxacin 500mg,469,87,87,522,0.072,13,3,2,22.7,36.3,1,medium
bed,Pat Secția Pediatrie,1,0,0,1,0.147,6,4,3,,,0,none
medication,Tramadol 50mg,275,26,26,156,0.142,7,7,1,25.0,26.7,0,none
medication,Spironolactonă 25mg,594,98,98,588,0.277,3,0,4,23.4,42.3,0,none
medication,Atorvastatină 20mg,402,98,98,588,0.094,10,20,3,22.7,44.1,0,none
bed,Pat Secția ATI,0,0,0,1,0.059,0,14,2,,,1,critical
medication,Amoxicilină 500mg,569,25,25,150,0.111,9,12,1,25.2,55.0,0,none
medication,Dexametazonă 4mg,415,62,62,372,0.096,10,5,2,22.1,47.7,0,none
bed,Pat Secția ATI,0,0,0,1,0.091,0,16,3,,,1,critical
equipment,Monitor pacient,15,3,3,15,0.12,8,18,6,,,0,none
equipment,Monitor pacient,9,2,2,10,0.16,6,20,1,,,0,none
equipment,Ecograf,1,1,1,5,0.277,3,14,0,,,0,none
supply,Tuburi colectare sânge,1991,491,491,2455,0.26,3,10,4,,,0,none
bed,Pat Secția Cardiologie,0,0,0,1,0.247,0,14,4,,,1,critical
medication,Amoxicilină 500mg,452,33,33,198,0.176,5,1,0,21.9,47.2,0,none
bed,Pat Secția Pediatrie,1,0,0,1,0.095,10,11,2,,,0,none
bed,Pat Secția Ortopedie,1,0,0,1,0.091,10,21,5,,,0,none
equipment,Laringoscop,10,3,3,15,0.128,7,10,2,,,0,none
bed,Pat Secția Cardiologie,0,0,0,1,0.149,0,6,5,,,1,critical
medication,Atorvastatină 20mg,1,27,27,162,0.1,10,5,3,18.1,25.0,1,high
medication,Insulină Lantus,114,98,98,588,0.149,6,7,0,23.4,44.8,0,none
supply,Ace vacutainer,1751,455,455,2275,0.275,3,15,5,,,0,none
supply,Comprese,2294,278,278,1390,0.255,3,10,5,,,0,none
medication,Spironolactonă 25mg,157,81,81,486,0.201,4,14,5,24.6,53.5,0,none
bed,Pat Secția Cardiologie,1,0,0,1,0.177,5,15,4,,,0,none
equipment,EKG portabil,7,1,1,5,0.116,8,3,3,,,0,none
bed,Pat Secția Neurologie,1,0,0,1,0.186,5,22,0,,,0,none
equipment,Pompă infuzie,1,2,2,10,0.212,4,11,6,,,0,none
medication,Losartan 50mg,410,46,46,276,0.248,4,19,3,26.7,47.3,0,none
supply,Soluție dezinfectant,1477,348,348,1740,0.011,90,19,5,,,0,none
medication,Enalapril 10mg,486,32,32,192,0.22,4,12,5,21.0,42.1,0,none
medication,Spironolactonă 25mg,56,62,62,372,0.017,58,1,0,22.8,46.2,0,none
bed,Pat Secția Chirurgie,0,0,0,1,0.034,0,2,3,,,1,critical
medication,Furosemid 40mg,470,44,44,264,0.173,5,23,4,21.4,42.0,0,none
bed,Pat Secția Cardiologie,0,0,0,1,0.024,0,16,1,,,1,critical
supply,Comprese,2174,255,255,1275,0.203,4,18,4,,,0,none
medication,Dexametazonă 4mg,414,81,81,486,0.047,21,6,0,24.7,50.6,0,none
equipment,Aparat RMN,11,2,2,10,0.285,3,13,6,,,0,none
bed,Pat Secția Neurologie,1,0,0,1,0.22,4,4,1,,,0,none
bed,Pat Secția Medicină Internă,0,0,0,1,0.016,0,2,4,,,1,critical
supply,Catetere IV,1177,162,162,810,0.149,6,20,5,,,0,none
bed,Pat Secția Cardiologie,0,0,0,1,0.055,0,3,5,,,1,critical
supply,Comprese,1734,359,359,1795,0.065,15,19,4,,,0,none
medication,Diazepam 5mg,444,55,55,330,0.014,71,7,6,21.3,43.2,0,none
supply,Comprese,2697,191,191,955,0.293,3,17,1,,,0,none
bed,Pat Secția Ortopedie,1,0,0,1,0.274,3,19,1,,,0,none
equipment,Monitor pacient,10,3,3,15,0.175,5,5,1,,,0,none
medication,Spironolactonă 25mg,424,52,52,312,0.085,11,8,6,25.5,40.7,0,none
supply,Catetere IV,2881,473,473,2365,0.167,5,3,0,,,0,none
medication,Atorvastatină 20mg,226,25,25,150,0.134,7,22,4,24.5,47.0,1,medium
equipment,Pompă infuzie,6,3,3,15,0.111,9,22,0,,,0,none
supply,Catetere IV,2861,185,185,925,0.236,4,19,0,,,0,none
medication,Clopidogrel 75mg,590,32,32,192,0.21,4,23,2,26.8,38.0,1,medium
equipment,Ecograf,7,1,1,5,0.267,3,12,5,,,0,none
medication,Enalapril 10mg,194,61,61,366,0.158,6,0,1,20.7,38.6,0,none
supply,Tuburi colectare sânge,1918,494,494,2470,0.076,13,18,1,,,0,none
supply,Soluție dezinfectant,2002,396,396,1980,0.102,9,18,5,,,0,none
bed,Pat Secția Pediatrie,1,0,0,1,0.088,11,2,3,,,0,none
supply,Catetere IV,1867,106,106,530,0.073,13,4,2,,,0,none
equipment,Laringoscop,8,2,2,10,0.04,25,17,2,,,0,none
supply,Bandaje sterile,840,206,206,1030,0.019,52,1,2,,,1,medium
equipment,Defibrilator,1,3,3,15,0.285,3,5,5,,,1,high
medication,Dexametazonă 4mg,142,85,85,510,0.145,6,5,6,25.2,58.4,0,none
supply,Comprese,340,187,187,935,0.195,5,13,2,,,0,none
supply,Ace vacutainer,2231,278,278,1390,0.053,18,4,0,,,1,medium
medication,Diazepam 5mg,23,90,90,540,0.096,10,21,0,19.1,51.1,1,high
equipment,Electroencefalograf,7,1,1,5,0.192,5,5,4,,,0,none
supply,Soluție dezinfectant,1447,269,269,1345,0.036,27,0,2,,,0,none
bed,Pat Secția ATI,0,0,0,1,0.189,0,8,5,,,1,critical
medication,Levotiroxină 50mcg,177,46,46,276,0.21,4,13,0,23.1,44.9,1,medium
medication,Ibuprofen 400mg,157,87,87,522,0.077,12,6,5,21.8,50.5,0,none
bed,Pat Secția Pediatrie,0,0,0,1,0.299,0,6,4,,,1,critical
medication,Levotiroxină 50mcg,586,38,38,228,0.256,3,19,0,24.2,33.6,0,none
medication,Levotiroxină 50mcg,436,98,98,588,0.122,8,23,5,21.5,52.1,0,none
bed,Pat Secția Pediatrie,1,0,0,1,0.091,10,0,3,,,0,none
medication,Insulină Lantus,270,94,94,564,0.145,6,17,2,21.2,60.8,0,none
supply,Mănuși latex,1348,473,473,2365,0.2,5,9,1,,,0,none
supply,Catetere IV,2839,187,187,935,0.16,6,9,0,,,0,none
medication,Paracetamol 500mg,325,22,22,132,0.2,5,13,4,19.2,38.1,0,none
medication,Omeprazol 20mg,125,62,62,372,0.253,3,11,1,21.0,30.4,0,none
medication,Dexametazonă 4mg,49,61,61,366,0.156,6,20,3,21.0,39.5,0,none
bed,Pat Secția ATI,1,0,0,1,0.154,6,10,5,,,0,none
bed,Pat Secția Cardiologie,1,0,0,1,0.024,41,3,2,,,0,none
supply,Soluție dezinfectant,1308,359,359,1795,0.209,4,14,3,,,0,none
supply,Bandaje sterile,1646,120,120,600,0.074,13,8,4,,,0,none
supply,Comprese,81,230,230,1150,0.273,3,16,0,,,1,high
supply,Tuburi colectare sânge,482,378,378,1890,0.135,7,9,6,,,0,none
bed,Pat Secția Medicină Internă,0,0,0,1,0.117,0,22,6,,,1,critical
medication,Clopidogrel 75mg,185,25,25,150,0.105,9,18,3,20.0,48.8,0,none
supply,Mănuși latex,438,448,448,2240,0.065,15,17,1,,,0,none
medication,Losartan 50mg,339,79,79,474,0.129,7,8,2,22.3,29.9,0,none
medication,Insulină Lantus,0,90,90,540,0.175,0,11,4,18.0,35.6,1,critical
medication,Metformin 850mg,356,41,41,246,0.063,15,6,3,21.3,32.0,0,none
equipment,EKG portabil,15,3,3,15,0.067,14,21,5,,,0,none
medication,Ciprofloxacin 500mg,591,86,86,516,0.18,5,0,5,24.3,44.1,0,none
equipment,Ecograf,12,1,1,5,0.227,4,18,4,,,0,none
supply,Tuburi colectare sânge,2364,404,404,2020,0.047,21,10,5,,,0,none
equipment,EKG portabil,15,1,1,5,0.071,14,23,4,,,0,none
bed,Pat Secția Neurologie,0,0,0,1,0.159,0,17,6,,,1,critical
supply,Catetere IV,2099,433,433,2165,0.04,24,8,6,,,0,none
medication,Furosemid 40mg,478,70,70,420,0.212,4,18,0,20.6,36.1,0,none
equipment,Monitor pacient,10,3,3,15,0.294,3,23,5,,,0,none
bed,Pat Secția Pediatrie,1,0,0,1,0.144,6,21,2,,,0,none
bed,Pat Secția Pediatrie,1,0,0,1,0.042,23,14,3,,,0,none
supply,Bandaje sterile,1745,169,169,845,0.122,8,10,2,,,0,none
supply,Ace vacutainer,1851,281,281,1405,0.298,3,12,0,,,0,none
bed,Pat Secția Pediatrie,0,0,0,1,0.109,0,16,1,,,1,critical
bed,Pat Secția Neurologie,0,0,0,1,0.144,0,18,3,,,1,critical
equipment,Pompă infuzie,8,3,3,15,0.229,4,15,2,,,0,none
equipment,Spirometru,9,1,1,5,0.12,8,6,2,,,0,none
supply,Tuburi colectare sânge,2840,207,207,1035,0.026,38,21,0,,,0,none
bed,Pat Secția Ginecologie,1,0,0,1,0.288,3,21,5,,,0,none
bed,Pat Secția Neurologie,0,0,0,1,0.196,0,16,4,,,1,critical
medication,Furosemid 40mg,160,39,39,234,0.065,15,16,2,21.7,52.2,0,none
medication,Furosemid 40mg,348,36,36,216,0.287,3,1,5,22.3,48.9,0,none
bed,Pat Secția Medicină Internă,1,0,0,1,0.101,9,7,2,,,0,none
supply,Soluție dezinfectant,486,245,245,1225,0.191,5,19,5,,,0,none
medication,Enalapril 10mg,131,51,51,306,0.088,11,9,3,22.5,36.4,0,none
medication,Atorvastatină 20mg,365,60,60,360,0.117,8,1,1,24.0,47.4,0,none
equipment,Ecograf,4,2,2,10,0.293,3,11,4,,,0,none
medication,Tramadol 50mg,401,34,34,204,0.232,4,18,1,24.4,39.0,0,none
bed,Pat Secția Medicină Internă,1,0,0,1,0.206,4,0,6,,,0,none
equipment,EKG portabil,8,3,3,15,0.128,7,5,6,,,0,none
medication,Dexametazonă 4mg,242,100,100,600,0.018,55,9,3,20.3,41.7,0,none
supply,Ace vacutainer,1519,289,289,1445,0.104,9,18,2,,,0,none
medication,Levotiroxină 50mcg,217,62,62,372,0.134,7,15,6,18.5,40.6,0,none
medication,Omeprazol 20mg,237,37,37,222,0.152,6,6,4,21.9,41.5,0,none
supply,Catetere IV,144,114,114,570,0.161,6,7,3,,,0,none
supply,Bandaje sterile,1737,388,388,1940,0.015,66,5,1,,,0,none
medication,Diazepam 5mg,383,63,63,378,0.206,4,14,6,20.3,38.5,0,none
bed,Pat Secția Ginecologie,0,0,0,1,0.276,0,10,5,,,1,critical
medication,Ibuprofen 400mg,57,46,46,276,0.179,5,9,4,24.1,47.2,0,none
equipment,Ventilator mecanic,15,1,1,5,0.121,8,17,5,,,0,none
medication,Atorvastatină 20mg,236,95,95,570,0.223,4,2,5,19.8,37.5,0,none
equipment,Laringoscop,10,1,1,5,0.043,23,7,0,,,0,none
equipment,Ventilator mecanic,3,2,2,10,0.022,45,17,1,,,0,none
bed,Pat Secția Cardiologie,1,0,0,1,0.139,7,14,6,,,0,none
medication,Losartan 50mg,573,61,61,366,0.152,6,14,6,23.3,55.9,0,none
medication,Insulină Lantus,198,39,39,234,0.056,17,22,5,21.8,19.7,0,none
bed,Pat Secția Medicină Internă,1,0,0,1,0.293,3,9,2,,,0,none
equipment,Pulsoximetru,6,3,3,15,0.178,5,8,3,,,0,none
equipment,Aparat radiologie,7,3,3,15,0.248,4,8,3,,,0,none
medication,Amlodipină 5mg,350,42,42,252,0.115,8,17,3,21.2,34.4,0,none
equipment,Aparat CT,5,1,1,5,0.138,7,22,4,,,0,none
medication,Bisoprolol 5mg,490,79,79,474,0.143,6,13,0,23.7,55.8,0,none
equipment,Aparat RMN,15,1,1,5,0.168,5,16,0,,,0,none
supply,Bandaje sterile,2099,175,175,875,0.269,3,2,5,,,0,none
supply,Catetere IV,1053,161,161,805,0.137,7,6,6,,,1,medium
equipment,Laringoscop,9,2,2,10,0.02,50,22,3,,,0,none
equipment,EKG portabil,13,1,1,5,0.032,31,20,3,,,0,none
equipment,Aparat RMN,14,3,3,15,0.253,3,4,3,,,0,none
supply,Comprese,504,189,189,945,0.231,4,4,4,,,0,none
supply,Comprese,1528,444,444,2220,0.209,4,12,6,,,0,none
medication,Furosemid 40mg,87,98,98,588,0.171,5,14,0,22.9,42.9,1,medium
medication,Ciprofloxacin 500mg,409,82,82,492,0.263,3,5,0,19.1,46.9,0,none
supply,Seringi 5ml,1930,246,246,1230,0.027,37,13,4,,,0,none
supply,Tuburi colectare sânge,2445,294,294,1470,0.141,7,9,3,,,0,none
medication,Ibuprofen 400mg,335,28,28,168,0.037,27,18,0,24.1,48.6,0,none
bed,Pat Secția Ginecologie,1,0,0,1,0.018,55,11,0,,,0,none
medication,Losartan 50mg,578,80,80,480,0.057,17,20,1,21.2,31.7,0,none
medication,Paracetamol 500mg,176,99,99,594,0.271,3,19,6,20.7,40.2,0,none
equipment,Electroencefalograf,11,3,3,15,0.259,3,7,6,,,0,none
supply,Soluție dezinfectant,2437,483,483,2415,0.296,3,8,6,,,0,none
supply,Soluție dezinfectant,619,296,296,1480,0.202,4,23,2,,,0,none
supply,Bandaje sterile,230,244,244,1220,0.034,29,23,1,,,1,medium
equipment,EKG portabil,13,3,3,15,0.257,3,6,1,,,0,none
equipment,Spirometru,10,1,1,5,0.262,3,12,5,,,0,none
supply,Tuburi colectare sânge,1553,373,373,1865,0.043,23,12,6,,,0,none
bed,Pat Secția Neurologie,1,0,0,1,0.154,6,14,2,,,0,none
supply,Seringi 5ml,1487,366,366,1830,0.096,10,16,4,,,0,none
medication,Amlodipină 5mg,35,85,85,510,0.027,37,16,3,23.6,59.3,0,none
supply,Tuburi colectare sânge,1046,235,235,1175,0.106,9,18,4,,,0,none
equipment,Ventilator mecanic,5,2,2,10,0.232,4,14,5,,,0,none
supply,Mănuși latex,477,146,146,730,0.211,4,22,4,,,0,none
equipment,Electroencefalograf,14,1,1,5,0.289,3,21,3,,,0,none
bed,Pat Secția Neurologie,0,0,0,1,0.247,0,11,6,,,1,critical
supply,Mănuși latex,2048,440,440,2200,0.071,14,14,5,,,0,none
supply,Ace vacutainer,2839,372,372,1860,0.012,83,4,1,,,0,none
supply,Catetere IV,1084,179,179,895,0.11,9,15,5,,,0,none
bed,Pat Secția ATI,1,0,0,1,0.257,3,5,6,,,0,none
supply,Tuburi colectare sânge,2244,152,152,760,0.218,4,2,6,,,0,none
supply,Ace vacutainer,1927,449,449,2245,0.084,11,8,3,,,0,none
medication,Paracetamol 500mg,301,42,42,252,0.179,5,3,3,21.2,23.0,0,none
supply,Bandaje sterile,330,234,234,1170,0.135,7,15,2,,,0,none
equipment,Spirometru,5,2,2,10,0.242,4,5,3,,,0,none
equipment,Pulsoximetru,10,3,3,15,0.16,6,18,4,,,0,none
equipment,Aparat RMN,6,2,2,10,0.091,10,14,6,,,0,none
medication,Amoxicilină 500mg,241,55,55,330,0.011,90,4,5,27.7,32.9,0,none
bed,Pat Secția Ortopedie,0,0,0,1,0.21,0,13,1,,,1,critical
supply,Soluție dezinfectant,2717,132,132,660,0.296,3,8,3,,,0,none
bed,Pat Secția ATI,0,0,0,1,0.054,0,16,2,,,1,critical
supply,Tuburi colectare sânge,2474,224,224,1120,0.132,7,11,3,,,0,none
medication,Amoxicilină 500mg,368,72,72,432,0.171,5,22,1,21.6,37.9,0,none
bed,Pat Secția Ginecologie,0,0,0,1,0.201,0,8,4,,,1,critical
medication,Bisoprolol 5mg,237,33,33,198,0.12,8,4,3,20.9,38.6,0,none
medication,Omeprazol 20mg,450,42,42,252,0.244,4,22,6,22.6,43.0,0,none
equipment,Laringoscop,3,2,2,10,0.096,10,11,3,,,0,none
medication,Amoxicilină 500mg,107,36,36,216,0.191,5,22,0,18.1,46.0,0,none
supply,Tuburi colectare sânge,2210,488,488,2440,0.241,4,13,0,,,0,none
medication,Losartan 50mg,355,99,99,594,0.26,3,12,3,22.2,55.6,0,none
supply,Ace vacutainer,327,367,367,1835,0.28,3,21,4,,,1,medium
medication,Enalapril 10mg,77,41,41,246,0.275,3,17,3,21.5,46.2,0,none
bed,Pat Secția Pediatrie,1,0,0,1,0.181,5,16,6,,,0,none
medication,Dexametazonă 4mg,513,40,40,240,0.298,3,9,3,23.3,39.0,0,none
medication,Amoxicilină 500mg,225,41,41,246,0.246,4,14,0,22.9,28.8,0,none
medication,Aspirină 100mg,17,46,46,276,0.262,3,9,1,23.1,22.6,0,none
supply,Catetere IV,557,318,318,1590,0.284,3,10,1,,,0,none
equipment,Aparat CT,8,3,3,15,0.12,8,7,1,,,1,medium
medication,Tramadol 50mg,459,91,91,546,0.076,13,2,5,23.3,45.3,0,none
equipment,Defibrilator,5,3,3,15,0.194,5,20,5,,,0,none
equipment,Defibrilator,6,2,2,10,0.06,16,4,6,,,0,none
bed,Pat Secția Ginecologie,1,0,0,1,0.197,5,1,2,,,0,none
medication,Bisoprolol 5mg,543,65,65,390,0.215,4,1,1,22.2,38.0,0,none
supply,Bandaje sterile,697,381,381,1905,0.11,9,14,0,,,0,none
medication,Aspirină 100mg,260,25,25,150,0.231,4,10,2,19.7,63.6,0,none
equipment,Electroencefalograf,13,3,3,15,0.208,4,14,3,,,0,none
supply,Ace vacutainer,427,153,153,765,0.131,7,17,6,,,0,none
bed,Pat Secția Neurologie,1,0,0,1,0.195,5,12,6,,,0,none
supply,Comprese,2161,300,300,1500,0.254,3,10,3,,,0,none
supply,Ace vacutainer,1140,363,363,1815,0.205,4,23,5,,,0,none
equipment,Electroencefalograf,4,1,1,5,0.064,15,2,5,,,0,none
medication,Dexametazonă 4mg,338,65,65,390,0.165,6,14,0,25.9,46.3,0,none
bed,Pat Secția Cardiologie,1,0,0,1,0.283,3,18,5,,,0,none
bed,Pat Secția Medicină Internă,1,0,0,1,0.09,11,0,5,,,0,none
supply,Soluție dezinfectant,845,130,130,650,0.035,28,1,1,,,0,none
bed,Pat Secția Cardiologie,0,0,0,1,0.211,0,16,3,,,1,critical
medication,Insulină Lantus,147,89,89,534,0.075,13,17,4,26.0,51.9,0,none
equipment,Ecograf,1,3,3,15,0.205,4,6,1,,,0,none
equipment,Spirometru,4,2,2,10,0.127,7,20,5,,,1,medium
equipment,Ventilator mecanic,9,2,2,10,0.031,32,12,2,,,0,none
supply,Soluție dezinfectant,1895,456,456,2280,0.276,3,9,2,,,0,none
bed,Pat Secția Neurologie,1,0,0,1,0.187,5,11,0,,,0,none
bed,Pat Secția Neurologie,0,0,0,1,0.21,0,18,5,,,1,critical
supply,Tuburi colectare sânge,469,253,253,1265,0.159,6,9,0,,,0,none
supply,Soluție dezinfectant,657,453,453,2265,0.101,9,21,2,,,0,none
medication,Ibuprofen 400mg,464,87,87,522,0.197,5,2,3,21.5,41.4,0,none
medication,Aspirină 100mg,94,58,58,348,0.251,3,9,5,21.7,50.4,0,none
bed,Pat Secția ATI,0,0,0,1,0.147,0,19,2,,,1,critical
equipment,EKG portabil,9,3,3,15,0.235,4,1,1,,,0,none
bed,Pat Secția Neurologie,0,0,0,1,0.06,0,5,5,,,1,critical
bed,Pat Secția Pediatrie,0,0,0,1,0.224,0,6,6,,,1,critical
equipment,Monitor pacient,11,1,1,5,0.177,5,22,0,,,0,none
bed,Pat Secția ATI,1,0,0,1,0.218,4,11,3,,,0,none
supply,Seringi 5ml,2897,113,113,565,0.092,10,19,2,,,0,none
medication,Atorvastatină 20mg,157,61,61,366,0.098,10,17,4,26.5,58.5,1,medium
medication,Losartan 50mg,238,53,53,318,0.242,4,15,0,22.8,57.9,0,none
supply,Catetere IV,2834,190,190,950,0.269,3,13,0,,,0,none
medication,Atorvastatină 20mg,297,36,36,216,0.044,22,0,6,22.4,48.7,0,none
supply,Comprese,2058,142,142,710,0.298,3,9,4,,,0,none
bed,Pat Secția ATI,0,0,0,1,0.189,0,1,4,,,1,critical
equipment,Aparat CT,12,1,1,5,0.178,5,9,6,,,0,none
equipment,Defibrilator,2,3,3,15,0.041,24,16,1,,,0,none
medication,Omeprazol 20mg,196,61,61,366,0.124,8,22,1,26.2,59.1,0,none
medication,Levotiroxină 50mcg,408,82,82,492,0.026,38,22,5,26.4,43.7,0,none
medication,Omeprazol 20mg,561,92,92,552,0.037,27,16,6,22.1,36.7,0,none
medication,Paracetamol 500mg,114,50,50,300,0.219,4,0,6,23.2,40.1,0,none
bed,Pat Secția Pediatrie,1,0,0,1,0.135,7,2,2,,,0,none
bed,Pat Secția Ginecologie,1,0,0,1,0.11,9,15,3,,,0,none
medication,Enalapril 10mg,366,78,78,468,0.054,18,12,6,22.0,40.0,0,none
medication,Omeprazol 20mg,509,84,84,504,0.221,4,21,5,22.7,44.5,0,none
supply,Tuburi colectare sânge,126,196,196,980,0.23,4,6,0,,,0,none
equipment,Aparat RMN,1,1,1,5,0.11,9,12,4,,,0,none
bed,Pat Secția Ortopedie,1,0,0,1,0.209,4,22,1,,,0,none
bed,Pat Secția Cardiologie,0,0,0,1,0.21,0,15,0,,,1,critical
supply,Soluție dezinfectant,2141,104,104,520,0.237,4,2,2,,,0,none
supply,Catetere IV,810,227,227,1135,0.063,15,0,6,,,0,none
supply,Soluție dezinfectant,2189,498,498,2490,0.152,6,22,4,,,0,none
supply,Comprese,2552,433,433,2165,0.06,16,19,5,,,0,none
medication,Furosemid 40mg,504,43,43,258,0.051,19,10,4,22.6,40.3,0,none
equipment,Pompă infuzie,12,2,2,10,0.113,8,3,1,,,0,none
supply,Mănuși latex,2359,315,315,1575,0.237,4,9,4,,,0,none
bed,Pat Secția Cardiologie,1,0,0,1,0.154,6,6,4,,,0,none
supply,Comprese,1623,388,388,1940,0.254,3,7,4,,,0,none
medication,Amlodipină 5mg,241,72,72,432,0.084,11,9,3,18.8,53.5,0,none
equipment,Electroencefalograf,8,3,3,15,0.087,11,15,6,,,0,none
medication,Ibuprofen 400mg,409,49,49,294,0.041,24,5,4,20.1,48.6,0,none
medication,Clopidogrel 75mg,525,58,58,348,0.011,90,23,6,21.6,62.8,0,none
equipment,Ventilator mecanic,9,1,1,5,0.215,4,22,3,,,0,none
bed,Pat Secția Chirurgie,1,0,0,1,0.166,6,9,3,,,0,none
bed,Pat Secția Cardiologie,1,0,0,1,0.032,31,5,3,,,0,none
supply,Seringi 5ml,1363,274,274,1370,0.109,9,12,2,,,0,none
bed,Pat Secția Medicină Internă,1,0,0,1,0.155,6,16,6,,,0,none
medication,Atorvastatină 20mg,511,77,77,462,0.036,27,0,1,21.1,62.4,0,none
medication,Bisoprolol 5mg,287,63,63,378,0.256,3,13,6,21.8,45.6,0,none
bed,Pat Secția Chirurgie,0,0,0,1,0.184,0,4,1,,,1,critical
equipment,Ventilator mecanic,4,3,3,15,0.119,8,8,5,,,0,none
medication,Metformin 850mg,455,46,46,276,0.123,8,17,2,19.8,27.9,0,none
bed,Pat Secția Neurologie,1,0,0,1,0.016,62,6,2,,,0,none
medication,Spironolactonă 25mg,587,30,30,180,0.128,7,11,0,21.3,44.0,0,none
equipment,Electroencefalograf,13,2,2,10,0.258,3,0,1,,,0,none
medication,Ciprofloxacin 500mg,257,91,91,546,0.089,11,15,6,21.7,45.4,0,none
equipment,Spirometru,8,3,3,15,0.106,9,10,5,,,0,none
medication,Aspirină 100mg,363,52,52,312,0.093,10,13,4,21.5,49.8,0,none
medication,Tramadol 50mg,362,75,75,450,0.048,20,16,0,23.0,44.0,0,none
bed,Pat Secția Chirurgie,1,0,0,1,0.069,14,18,5,,,0,none
supply,Soluție dezinfectant,2396,194,194,970,0.078,12,13,5,,,0,none
medication,Atorvastatină 20mg,166,74,74,444,0.091,10,19,3,21.4,30.1,0,none
supply,Seringi 5ml,217,146,146,730,0.139,7,3,1,,,0,none
supply,Ace vacutainer,2606,435,435,2175,0.108,9,2,5,,,0,none
supply,Seringi 5ml,1108,498,498,2490,0.284,3,17,2,,,0,none
medication,Losartan 50mg,177,100,100,600,0.215,4,7,2,21.2,28.2,0,none
supply,Comprese,2621,209,209,1045,0.15,6,15,5,,,0,none
equipment,Pulsoximetru,11,2,2,10,0.176,5,21,1,,,0,none
medication,Enalapril 10mg,424,61,61,366,0.12,8,22,3,22.7,47.4,0,none
equipment,Ventilator mecanic,15,3,3,15,0.221,4,16,6,,,0,none
bed,Pat Secția Ginecologie,0,0,0,1,0.206,0,19,2,,,1,critical
medication,Paracetamol 500mg,499,93,93,558,0.045,22,3,0,21.4,54.6,0,none
medication,Amoxicilină 500mg,105,94,94,564,0.258,3,18,3,20.9,51.4,0,none
supply,Ace vacutainer,2004,208,208,1040,0.288,3,21,4,,,0,none
bed,Pat Secția Neurologie,0,0,0,1,0.08,0,21,3,,,1,critical
bed,Pat Secția Ginecologie,1,0,0,1,0.011,90,17,0,,,0,none
supply,Soluție dezinfectant,992,188,188,940,0.107,9,2,6,,,0,none
supply,Seringi 5ml,2255,183,183,915,0.229,4,18,4,,,0,none
medication,Levotiroxină 50mcg,415,72,72,432,0.221,4,13,2,25.3,34.7,0,none
equipment,Defibrilator,14,3,3,15,0.198,5,2,3,,,0,none
medication,Ciprofloxacin 500mg,136,33,33,198,0.233,4,0,1,20.6,29.9,1,medium
medication,Furosemid 40mg,21,77,77,462,0.024,41,1,4,19.7,32.7,1,high
equipment,Electroencefalograf,12,2,2,10,0.228,4,7,1,,,0,none
medication,Ibuprofen 400mg,584,85,85,510,0.078,12,19,1,20.6,31.5,0,none
equipment,Monitor pacient,9,2,2,10,0.261,3,5,4,,,0,none
equipment,EKG portabil,14,2,2,10,0.242,4,8,6,,,0,none
medication,Bisoprolol 5mg,452,37,37,222,0.134,7,21,2,24.3,52.2,0,none
medication,Metformin 850mg,457,95,95,570,0.089,11,11,0,24.3,31.0,0,none
medication,Bisoprolol 5mg,135,39,39,234,0.028,35,5,3,17.8,27.3,0,none
medication,Enalapril 10mg,398,52,52,312,0.11,9,11,3,22.0,46.4,0,none
bed,Pat Secția ATI,1,0,0,1,0.229,4,1,5,,,0,none
equipment,Pompă infuzie,2,2,2,10,0.159,6,4,2,,,0,none
equipment,Electroencefalograf,8,2,2,10,0.045,22,17,1,,,0,none
equipment,Laringoscop,10,3,3,15,0.295,3,11,6,,,0,none
bed,Pat Secția Cardiologie,1,0,0,1,0.22,4,19,1,,,0,none
medication,Tramadol 50mg,444,49,49,294,0.073,13,4,4,24.9,39.6,0,none
medication,Ciprofloxacin 500mg,236,79,79,474,0.051,19,7,3,21.4,39.3,0,none
supply,Comprese,417,118,118,590,0.078,12,15,6,,,0,none
supply,Seringi 5ml,28,378,378,1890,0.211,4,8,0,,,1,high
medication,Diazepam 5mg,11,54,54,324,0.067,14,21,0,20.3,35.8,1,high
bed,Pat Secția Cardiologie,1,0,0,1,0.116,8,2,1,,,0,none
equipment,Aparat RMN,15,3,3,15,0.192,5,14,1,,,1,medium
equipment,Aparat radiologie,9,3,3,15,0.196,5,21,5,,,0,none
medication,Levotiroxină 50mcg,585,69,69,414,0.167,5,20,5,20.5,51.3,0,none
supply,Ace vacutainer,1238,472,472,2360,0.251,3,11,3,,,0,none
supply,Comprese,1898,417,417,2085,0.204,4,0,2,,,0,none
medication,Enalapril 10mg,461,45,45,270,0.198,5,19,3,20.1,43.7,0,none
medication,Enalapril 10mg,538,91,91,546,0.072,13,1,1,19.8,36.7,0,none
supply,Comprese,2775,208,208,1040,0.033,30,7,1,,,0,none
medication,Ciprofloxacin 500mg,383,94,94,564,0.249,4,11,6,21.5,48.1,0,none
supply,Seringi 5ml,523,269,269,1345,0.013,76,23,5,,,0,none
equipment,Laringoscop,11,1,1,5,0.127,7,9,3,,,0,none
equipment,Ecograf,14,2,2,10,0.25,4,17,3,,,0,none
medication,Dexametazonă 4mg,597,65,65,390,0.22,4,23,0,22.2,54.0,0,none
medication,Tramadol 50mg,390,41,41,246,0.054,18,18,6,18.5,57.8,0,none
equipment,Defibrilator,10,3,3,15,0.296,3,19,2,,,0,none
supply,Ace vacutainer,29,202,202,1010,0.171,5,9,3,,,1,high
equipment,Spirometru,11,3,3,15,0.117,8,1,4,,,0,none
equipment,EKG portabil,1,1,1,5,0.224,4,21,1,,,0,none
supply,Tuburi colectare sânge,835,294,294,1470,0.205,4,23,1,,,0,none
equipment,Pulsoximetru,11,2,2,10,0.069,14,5,1,,,0,none
bed,Pat Secția Cardiologie,1,0,0,1,0.276,3,18,1,,,0,none
supply,Mănuși latex,1745,441,441,2205,0.124,8,18,0,,,0,none
medication,Paracetamol 500mg,309,90,90,540,0.161,6,23,0,22.0,38.2,0,none
bed,Pat Secția Medicină Internă,1,0,0,1,0.1,10,14,6,,,0,none
supply,Comprese,2721,340,340,1700,0.159,6,20,2,,,0,none
medication,Levotiroxină 50mcg,59,98,98,588,0.205,4,13,2,25.0,36.3,0,none
supply,Soluție dezinfectant,2615,386,386,1930,0.041,24,15,6,,,0,none
medication,Amlodipină 5mg,428,75,75,450,0.289,3,8,3,22.8,30.3,0,none
bed,Pat Secția Ginecologie,0,0,0,1,0.226,0,22,2,,,1,critical
medication,Furosemid 40mg,30,62,62,372,0.123,8,17,1,18.6,51.3,1,high
medication,Diazepam 5mg,453,31,31,186,0.182,5,17,4,22.2,55.8,0,none
medication,Amlodipină 5mg,363,25,25,150,0.186,5,10,4,22.1,47.8,0,none
medication,Bisoprolol 5mg,59,39,39,234,0.08,12,18,5,19.5,36.9,0,none
medication,Spironolactonă 25mg,169,53,53,318,0.28,3,7,2,22.0,55.2,0,none
medication,Metformin 850mg,191,33,33,198,0.209,4,7,4,21.8,45.3,0,none
equipment,Defibrilator,6,2,2,10,0.132,7,13,0,,,0,none
bed,Pat Secția ATI,0,0,0,1,0.148,0,8,3,,,1,critical
equipment,Aparat radiologie,2,3,3,15,0.225,4,5,0,,,1,medium
bed,Pat Secția ATI,0,0,0,1,0.221,0,12,5,,,1,critical
medication,Clopidogrel 75mg,564,72,72,432,0.216,4,22,0,19.2,28.5,0,none
medication,Losartan 50mg,125,60,60,360,0.161,6,6,2,23.7,54.2,0,none
supply,Catetere IV,5,151,151,755,0.246,4,0,6,,,1,high
bed,Pat Secția Medicină Internă,1,0,0,1,0.238,4,16,0,,,0,none
medication,Paracetamol 500mg,70,43,43,258,0.258,3,14,0,22.9,44.0,0,none
equipment,EKG portabil,7,3,3,15,0.275,3,19,2,,,0,none
supply,Mănuși latex,776,305,305,1525,0.191,5,1,2,,,0,none
medication,Furosemid 40mg,97,95,95,570,0.075,13,13,4,19.8,49.5,0,none
supply,Tuburi colectare sânge,314,347,347,1735,0.012,83,4,4,,,1,medium
bed,Pat Secția Medicină Internă,1,0,0,1,0.015,66,22,0,,,0,none
supply,Mănuși latex,629,402,402,2010,0.074,13,2,6,,,0,none
medication,Furosemid 40mg,361,40,40,240,0.289,3,8,0,19.6,24.3,0,none
bed,Pat Secția Ginecologie,0,0,0,1,0.281,0,11,4,,,1,critical
supply,Catetere IV,632,466,466,2330,0.14,7,12,3,,,0,none
medication,Aspirină 100mg,424,36,36,216,0.219,4,1,3,18.8,34.7,0,none
bed,Pat Secția Ortopedie,1,0,0,1,0.152,6,3,0,,,0,none
supply,Seringi 5ml,2634,132,132,660,0.167,5,21,5,,,0,none
medication,Atorvastatină 20mg,226,45,45,270,0.027,37,18,6,21.9,27.9,0,none
supply,Bandaje sterile,243,319,319,1595,0.239,4,21,2,,,1,medium
supply,Mănuși latex,82,398,398,1990,0.214,4,12,6,,,1,high
equipment,Monitor pacient,6,1,1,5,0.11,9,4,6,,,0,none
medication,Omeprazol 20mg,432,20,20,120,0.16,6,8,6,24.4,54.2,0,none
supply,Seringi 5ml,1036,230,230,1150,0.227,4,1,4,,,0,none
supply,Tuburi colectare sânge,418,231,231,1155,0.021,47,7,2,,,0,none
equipment,Pompă infuzie,5,2,2,10,0.174,5,12,0,,,0,none
supply,Soluție dezinfectant,2054,117,117,585,0.13,7,14,2,,,0,none
medication,Levotiroxină 50mcg,570,48,48,288,0.208,4,11,4,20.7,35.5,0,none
medication,Amlodipină 5mg,80,59,59,354,0.051,19,0,2,20.4,37.5,0,none
bed,Pat Secția Ginecologie,1,0,0,1,0.062,16,21,6,,,0,none
supply,Ace vacutainer,1860,307,307,1535,0.228,4,19,6,,,0,none
medication,Ibuprofen 400mg,98,70,70,420,0.282,3,15,1,19.2,42.8,0,none
medication,Losartan 50mg,384,86,86,516,0.103,9,4,6,23.9,42.7,0,none
supply,Tuburi colectare sânge,1589,143,143,715,0.045,22,4,6,,,0,none
supply,Catetere IV,1783,104,104,520,0.233,4,16,1,,,0,none
medication,Insulină Lantus,561,96,96,576,0.276,3,21,3,21.4,45.3,0,none
equipment,Pulsoximetru,3,2,2,10,0.226,4,9,0,,,0,none
medication,Clopidogrel 75mg,509,36,36,216,0.07,14,4,2,22.8,50.0,0,none
medication,Enalapril 10mg,349,69,69,414,0.251,3,10,5,24.0,28.7,1,medium
medication,Insulină Lantus,64,77,77,462,0.062,16,10,6,23.6,56.4,0,none
bed,Pat Secția Cardiologie,1,0,0,1,0.068,14,23,0,,,0,none
equipment,Pompă infuzie,15,2,2,10,0.015,66,19,1,,,0,none
medication,Enalapril 10mg,248,39,39,234,0.047,21,3,0,18.7,32.3,0,none
bed,Pat Secția Pediatrie,1,0,0,1,0.268,3,3,6,,,0,none
bed,Pat Secția Chirurgie,1,0,0,1,0.26,3,17,6,,,0,none
equipment,Defibrilator,5,3,3,15,0.273,3,21,6,,,0,none
supply,Tuburi colectare sânge,2423,490,490,2450,0.168,5,9,0,,,0,none
supply,Mănuși latex,470,318,318,1590,0.28,3,2,1,,,0,none
equipment,Aparat radiologie,14,3,3,15,0.271,3,16,0,,,0,none
supply,Seringi 5ml,2789,390,390,1950,0.121,8,5,3,,,0,none
medication,Diazepam 5mg,531,98,98,588,0.229,4,6,5,20.8,55.3,0,none
equipment,Monitor pacient,13,2,2,10,0.261,3,22,2,,,0,none
equipment,Aparat CT,3,1,1,5,0.227,4,20,1,,,0,none
medication,Losartan 50mg,190,36,36,216,0.195,5,3,0,26.3,29.3,0,none
supply,Bandaje sterile,2267,112,112,560,0.106,9,8,2,,,0,none
equipment,Aparat CT,12,3,3,15,0.064,15,5,0,,,0,none
bed,Pat Secția Ginecologie,1,0,0,1,0.147,6,12,5,,,0,none
medication,Enalapril 10mg,553,89,89,534,0.291,3,22,5,23.0,35.4,0,none
supply,Bandaje sterile,227,420,420,2100,0.147,6,6,5,,,1,medium
bed,Pat Secția Neurologie,0,0,0,1,0.04,0,22,1,,,1,critical
equipment,Ecograf,11,3,3,15,0.02,50,22,0,,,0,none
medication,Amlodipină 5mg,225,20,20,120,0.194,5,12,0,21.7,53.1,0,none
medication,Spironolactonă 25mg,391,59,59,354,0.112,8,8,1,22.6,58.1,0,none
supply,Tuburi colectare sânge,396,162,162,810,0.208,4,7,6,,,0,none
medication,Amlodipină 5mg,594,77,77,462,0.058,17,19,3,22.4,45.4,0,none
medication,Omeprazol 20mg,309,48,48,288,0.095,10,15,2,21.8,32.5,0,none
equipment,Aparat CT,12,2,2,10,0.192,5,16,4,,,0,none
medication,Tramadol 50mg,524,71,71,426,0.026,38,4,0,20.2,55.0,0,none
equipment,Monitor pacient,4,2,2,10,0.137,7,16,1,,,0,none
equipment,Monitor pacient,10,1,1,5,0.286,3,3,1,,,0,none
medication,Atorvastatină 20mg,329,53,53,318,0.171,5,14,0,21.7,51.6,0,none
medication,Losartan 50mg,537,47,47,282,0.241,4,9,3,18.1,48.5,0,none
medication,Diazepam 5mg,18,48,48,288,0.127,7,11,3,25.0,46.2,1,high
equipment,Electroencefalograf,3,1,1,5,0.258,3,4,0,,,0,none
bed,Pat Secția Medicină Internă,0,0,0,1,0.045,0,6,6,,,1,critical
bed,Pat Secția Ortopedie,0,0,0,1,0.149,0,14,1,,,1,critical
equipment,Electroencefalograf,13,1,1,5,0.184,5,0,2,,,0,none
supply,Soluție dezinfectant,2637,400,400,2000,0.3,3,5,5,,,0,none
supply,Catetere IV,1642,437,437,2185,0.29,3,8,4,,,0,none
equipment,Defibrilator,2,1,1,5,0.069,14,8,1,,,0,none
bed,Pat Secția Pediatrie,0,0,0,1,0.043,0,9,6,,,1,critical
supply,Soluție dezinfectant,401,178,178,890,0.29,3,0,6,,,0,none
equipment,Defibrilator,8,3,3,15,0.208,4,22,0,,,0,none
medication,Atorvastatină 20mg,385,52,52,312,0.192,5,2,5,20.5,49.8,0,none
medication,Clopidogrel 75mg,565,100,100,600,0.216,4,8,1,23.3,48.3,0,none
supply,Comprese,427,206,206,1030,0.231,4,22,3,,,0,none
medication,Tramadol 50mg,181,82,82,492,0.126,7,15,3,19.4,46.0,0,none
equipment,Aparat CT,7,1,1,5,0.07,14,2,3,,,0,none
medication,Spironolactonă 25mg,74,94,94,564,0.11,9,0,4,19.9,30.3,0,none
medication,Tramadol 50mg,133,44,44,264,0.068,14,21,6,20.0,45.6,0,none
equipment,EKG portabil,1,1,1,5,0.032,31,3,2,,,0,none
medication,Paracetamol 500mg,315,56,56,336,0.063,15,8,3,19.5,33.6,0,none
medication,Furosemid 40mg,13,31,31,186,0.011,90,3,6,25.2,38.0,0,none
bed,Pat Secția Pediatrie,1,0,0,1,0.214,4,20,6,,,1,medium
supply,Mănuși latex,1403,346,346,1730,0.075,13,0,3,,,0,none
equipment,Aparat radiologie,7,2,2,10,0.203,4,5,0,,,0,none
supply,Catetere IV,484,123,123,615,0.242,4,14,1,,,0,none
equipment,Defibrilator,11,1,1,5,0.027,37,12,4,,,0,none
supply,Bandaje sterile,1093,285,285,1425,0.19,5,21,6,,,0,none
supply,Soluție dezinfectant,1482,449,449,2245,0.139,7,15,3,,,0,none
medication,Metformin 850mg,343,59,59,354,0.207,4,14,5,19.2,45.1,0,none
medication,Levotiroxină 50mcg,4,95,95,570,0.133,7,22,4,24.1,33.7,1,high
equipment,Ecograf,1,3,3,15,0.109,9,11,4,,,1,high
equipment,Aparat RMN,14,3,3,15,0.095,10,22,1,,,0,none
bed,Pat Secția Ortopedie,1,0,0,1,0.089,11,5,3,,,0,none
medication,Tramadol 50mg,405,83,83,498,0.201,4,11,4,18.8,57.6,0,none
medication,Bisoprolol 5mg,530,76,76,456,0.2,5,19,2,23.2,32.2,0,none
bed,Pat Secția Chirurgie,1,0,0,1,0.113,8,23,1,,,0,none
medication,Diazepam 5mg,258,60,60,360,0.198,5,4,2,23.9,46.4,0,none
equipment,Ventilator mecanic,10,3,3,15,0.012,83,21,6,,,0,none
supply,Catetere IV,1289,216,216,1080,0.196,5,0,1,,,0,none
equipment,Pompă infuzie,5,3,3,15,0.261,3,15,4,,,0,none
medication,Atorvastatină 20mg,544,47,47,282,0.068,14,12,4,23.2,59.8,0,none
medication,Levotiroxină 50mcg,388,58,58,348,0.293,3,22,2,22.2,42.7,0,none
medication,Omeprazol 20mg,56,55,55,330,0.035,28,12,1,24.7,72.0,1,medium
medication,Paracetamol 500mg,321,33,33,198,0.023,43,4,3,21.1,50.5,0,none
equipment,Laringoscop,10,2,2,10,0.07,14,12,3,,,0,none
medication,Levotiroxină 50mcg,272,70,70,420,0.26,3,7,1,24.9,25.2,0,none
bed,Pat Secția Cardiologie,1,0,0,1,0.087,11,4,6,,,0,none
medication,Furosemid 40mg,290,28,28,168,0.025,40,5,5,21.4,45.2,0,none
bed,Pat Secția Chirurgie,1,0,0,1,0.043,23,16,2,,,0,none
supply,Tuburi colectare sânge,1948,389,389,1945,0.194,5,6,1,,,0,none
bed,Pat Secția ATI,1,0,0,1,0.035,28,10,3,,,0,none
bed,Pat Secția Neurologie,1,0,0,1,0.215,4,18,1,,,0,none
bed,Pat Secția ATI,1,0,0,1,0.204,4,21,1,,,0,none
equipment,Ventilator mecanic,13,2,2,10,0.018,55,16,3,,,0,none
medication,Tramadol 50mg,61,81,81,486,0.035,28,21,0,24.5,40.1,0,none
medication,Insulină Lantus,97,47,47,282,0.175,5,15,3,21.9,58.5,0,none
supply,Ace vacutainer,2753,152,152,760,0.213,4,7,3,,,0,none
equipment,Aparat CT,8,1,1,5,0.107,9,0,3,,,0,none
supply,Seringi 5ml,2572,485,485,2425,0.127,7,3,0,,,0,none
bed,Pat Secția Pediatrie,0,0,0,1,0.154,0,16,1,,,1,critical
supply,Ace vacutainer,1807,371,371,1855,0.222,4,6,6,,,0,none
medication,Amlodipină 5mg,529,64,64,384,0.144,6,10,5,21.3,59.7,0,none
bed,Pat Secția Pediatrie,0,0,0,1,0.149,0,19,0,,,1,critical
medication,Diazepam 5mg,567,84,84,504,0.081,12,12,6,23.5,44.3,0,none
bed,Pat Secția Ortopedie,1,0,0,1,0.226,4,19,4,,,0,none
bed,Pat Secția Pediatrie,1,0,0,1,0.268,3,21,4,,,0,none
bed,Pat Secția Cardiologie,0,0,0,1,0.068,0,20,0,,,1,critical
equipment,Pompă infuzie,7,1,1,5,0.255,3,4,3,,,0,none
supply,Seringi 5ml,508,480,480,2400,0.115,8,20,0,,,0,none
bed,Pat Secția Ortopedie,1,0,0,1,0.067,14,19,6,,,1,medium
bed,Pat Secția Cardiologie,1,0,0,1,0.256,3,8,0,,,0,none
bed,Pat Secția ATI,1,0,0,1,0.183,5,11,2,,,0,none
bed,Pat Secția ATI,0,0,0,1,0.208,0,5,0,,,1,critical
medication,Spironolactonă 25mg,365,47,47,282,0.037,27,10,0,23.0,45.7,0,none
medication,Dexametazonă 4mg,143,24,24,144,0.23,4,12,4,25.1,60.6,0,none
medication,Metformin 850mg,33,92,92,552,0.079,12,11,2,18.9,42.0,0,none
medication,Ciprofloxacin 500mg,367,76,76,456,0.229,4,14,1,19.9,38.7,0,none
supply,Ace vacutainer,2935,268,268,1340,0.195,5,16,6,,,0,none
medication,Amoxicilină 500mg,548,40,40,240,0.151,6,6,6,20.9,44.5,0,none
bed,Pat Secția Medicină Internă,1,0,0,1,0.262,3,10,1,,,0,none
bed,Pat Secția Neurologie,1,0,0,1,0.209,4,16,5,,,0,none
supply,Soluție dezinfectant,1386,402,402,2010,0.022,45,16,0,,,0,none
supply,Soluție dezinfectant,1242,234,234,1170,0.225,4,3,5,,,0,none
supply,Seringi 5ml,2902,490,490,2450,0.095,10,18,5,,,0,none
medication,Bisoprolol 5mg,31,85,85,510,0.176,5,22,2,26.3,50.7,1,high
medication,Levotiroxină 50mcg,369,64,64,384,0.237,4,6,2,23.5,35.9,0,none
medication,Ibuprofen 400mg,519,37,37,222,0.203,4,10,2,18.4,51.2,0,none
supply,Tuburi colectare sânge,1112,290,290,1450,0.177,5,9,5,,,0,none
medication,Omeprazol 20mg,526,77,77,462,0.053,18,18,6,22.9,34.4,0,none
equipment,EKG portabil,1,2,2,10,0.028,35,11,4,,,1,medium
bed,Pat Secția Pediatrie,1,0,0,1,0.144,6,23,6,,,0,none
bed,Pat Secția Ortopedie,1,0,0,1,0.048,20,10,6,,,0,none
equipment,Aparat RMN,2,1,1,5,0.106,9,10,0,,,0,none
bed,Pat Secția Ginecologie,1,0,0,1,0.14,7,0,3,,,0,none
medication,Enalapril 10mg,156,82,82,492,0.053,18,11,1,23.6,22.6,0,none
bed,Pat Secția Chirurgie,0,0,0,1,0.09,0,20,6,,,1,critical
medication,Bisoprolol 5mg,289,66,66,396,0.108,9,9,2,18.8,65.3,0,none
bed,Pat Secția Neurologie,1,0,0,1,0.242,4,13,4,,,0,none
bed,Pat Secția Cardiologie,0,0,0,1,0.118,0,21,3,,,1,critical
supply,Catetere IV,1698,360,360,1800,0.026,38,19,2,,,0,none
supply,Ace vacutainer,2377,146,146,730,0.019,52,22,0,,,0,none
medication,Amoxicilină 500mg,485,31,31,186,0.117,8,15,4,21.5,50.3,0,none
supply,Tuburi colectare sânge,2388,218,218,1090,0.075,13,1,6,,,0,none
bed,Pat Secția Cardiologie,0,0,0,1,0.204,0,16,4,,,1,critical
bed,Pat Secția Neurologie,0,0,0,1,0.294,0,11,6,,,1,critical
supply,Comprese,2446,140,140,700,0.037,27,6,1,,,0,none
medication,Insulină Lantus,291,26,26,156,0.02,50,21,5,21.7,29.4,0,none
bed,Pat Secția Ortopedie,0,0,0,1,0.155,0,0,5,,,1,critical
supply,Comprese,2225,386,386,1930,0.195,5,20,0,,,0,none
supply,Comprese,2163,252,252,1260,0.092,10,16,0,,,0,none
supply,Catetere IV,1854,321,321,1605,0.127,7,8,6,,,0,none
bed,Pat Secția ATI,0,0,0,1,0.097,0,5,2,,,1,critical
medication,Insulină Lantus,445,57,57,342,0.149,6,13,2,21.9,47.4,0,none
equipment,Aparat CT,4,3,3,15,0.232,4,19,6,,,0,none
equipment,Defibrilator,8,3,3,15,0.238,4,2,5,,,0,none
supply,Tuburi colectare sânge,1817,254,254,1270,0.089,11,9,3,,,0,none
equipment,Laringoscop,2,2,2,10,0.28,3,19,1,,,0,none
bed,Pat Secția Neurologie,0,0,0,1,0.037,0,13,3,,,1,critical
medication,Enalapril 10mg,200,98,98,588,0.091,10,20,3,22.7,32.2,0,none
medication,Dexametazonă 4mg,578,68,68,408,0.088,11,12,3,16.2,61.3,0,none
equipment,Ecograf,11,3,3,15,0.063,15,4,1,,,0,none
supply,Bandaje sterile,1090,296,296,1480,0.172,5,1,1,,,0,none
equipment,Defibrilator,8,3,3,15,0.172,5,12,5,,,0,none
supply,Comprese,2108,311,311,1555,0.153,6,16,2,,,0,none
equipment,Defibrilator,1,2,2,10,0.238,4,10,5,,,0,none
supply,Catetere IV,2669,441,441,2205,0.276,3,14,4,,,0,none
equipment,Laringoscop,1,1,1,5,0.267,3,23,1,,,0,none
bed,Pat Secția Ginecologie,1,0,0,1,0.086,11,19,2,,,0,none
medication,Levotiroxină 50mcg,229,41,41,246,0.145,6,3,2,23.8,42.8,0,none
bed,Pat Secția Pediatrie,0,0,0,1,0.022,0,2,5,,,1,critical
equipment,Aparat RMN,5,2,2,10,0.217,4,4,0,,,0,none
medication,Amoxicilină 500mg,588,31,31,186,0.176,5,21,5,23.8,46.2,0,none
equipment,Ecograf,4,1,1,5,0.102,9,10,0,,,0,none
equipment,Laringoscop,5,1,1,5,0.275,3,22,4,,,0,none
equipment,Aparat RMN,15,2,2,10,0.129,7,5,6,,,0,none
equipment,Aparat radiologie,12,3,3,15,0.024,41,6,1,,,0,none
equipment,EKG portabil,7,1,1,5,0.277,3,16,4,,,0,none
bed,Pat Secția Ginecologie,0,0,0,1,0.021,0,19,0,,,1,critical
equipment,Pompă infuzie,8,3,3,15,0.236,4,18,6,,,0,none
supply,Soluție dezinfectant,2531,406,406,2030,0.016,62,15,0,,,0,none
supply,Soluție dezinfectant,2524,417,417,2085,0.134,7,9,1,,,0,none
medication,Ciprofloxacin 500mg,198,25,25,150,0.101,9,20,3,17.8,47.8,0,none
supply,Mănuși latex,904,120,120,600,0.134,7,4,1,,,1,medium
medication,Dexametazonă 4mg,466,56,56,336,0.108,9,14,0,21.6,55.7,0,none
bed,Pat Secția Medicină Internă,0,0,0,1,0.092,0,4,3,,,1,critical
medication,Amoxicilină 500mg,183,72,72,432,0.133,7,1,1,22.4,55.0,0,none
bed,Pat Secția Neurologie,1,0,0,1,0.158,6,4,2,,,0,none
equipment,Pompă infuzie,6,1,1,5,0.132,7,1,5,,,0,none
medication,Tramadol 50mg,58,38,38,228,0.142,7,0,0,23.4,39.0,0,none
supply,Catetere IV,2252,349,349,1745,0.022,45,10,3,,,0,none
bed,Pat Secția Chirurgie,0,0,0,1,0.034,0,12,3,,,1,critical
bed,Pat Secția Cardiologie,0,0,0,1,0.292,0,6,4,,,1,critical
bed,Pat Secția Cardiologie,0,0,0,1,0.193,0,16,2,,,1,critical
supply,Soluție dezinfectant,335,314,314,1570,0.106,9,14,4,,,0,none
medication,Enalapril 10mg,110,87,87,522,0.076,13,5,3,21.2,35.6,0,none
equipment,Pompă infuzie,11,3,3,15,0.106,9,0,1,,,0,none
supply,Ace vacutainer,281,496,496,2480,0.199,5,17,4,,,1,medium
medication,Bisoprolol 5mg,100,26,26,156,0.186,5,12,6,21.0,50.7,0,none
bed,Pat Secția Cardiologie,0,0,0,1,0.012,0,11,5,,,1,critical
medication,Diazepam 5mg,54,20,20,120,0.178,5,9,0,16.9,62.1,0,none
medication,Diazepam 5mg,33,38,38,228,0.038,26,23,2,21.1,46.8,0,none
medication,Spironolactonă 25mg,173,90,90,540,0.271,3,7,6,23.0,66.4,0,none
bed,Pat Secția Ginecologie,0,0,0,1,0.14,0,17,2,,,1,critical
equipment,Ecograf,8,2,2,10,0.185,5,11,4,,,0,none
medication,Atorvastatină 20mg,576,50,50,300,0.019,52,1,5,20.9,52.8,0,none
bed,Pat Secția Chirurgie,1,0,0,1,0.186,5,7,5,,,0,none
supply,Tuburi colectare sânge,2411,208,208,1040,0.299,3,20,3,,,0,none
medication,Spironolactonă 25mg,263,58,58,348,0.023,43,22,6,18.8,28.3,0,none
bed,Pat Secția Medicină Internă,1,0,0,1,0.176,5,11,3,,,0,none
medication,Tramadol 50mg,391,67,67,402,0.012,83,5,6,24.5,46.0,0,none
supply,Catetere IV,602,434,434,2170,0.283,3,3,4,,,0,none
supply,Bandaje sterile,1682,113,113,565,0.23,4,20,5,,,0,none
equipment,Electroencefalograf,14,1,1,5,0.045,22,0,5,,,0,none
medication,Spironolactonă 25mg,225,75,75,450,0.253,3,2,4,21.5,57.8,0,none
bed,Pat Secția Chirurgie,1,0,0,1,0.024,41,4,3,,,0,none
supply,Bandaje sterile,2160,112,112,560,0.11,9,21,5,,,0,none
supply,Tuburi colectare sânge,1904,351,351,1755,0.257,3,2,2,,,0,none
supply,Tuburi colectare sânge,549,457,457,2285,0.122,8,3,0,,,0,none
supply,Catetere IV,2652,435,435,2175,0.234,4,12,2,,,0,none
equipment,Aparat RMN,8,1,1,5,0.194,5,11,3,,,0,none
supply,Mănuși latex,2428,185,185,925,0.053,18,3,1,,,0,none
equipment,Defibrilator,14,3,3,15,0.252,3,21,3,,,0,none
supply,Bandaje sterile,1440,122,122,610,0.024,41,13,3,,,0,none
supply,Catetere IV,2617,342,342,1710,0.065,15,17,1,,,0,none
supply,Tuburi colectare sânge,2977,354,354,1770,0.086,11,9,3,,,0,none
equipment,Defibrilator,6,3,3,15,0.279,3,10,5,,,0,none
supply,Comprese,2199,220,220,1100,0.118,8,18,3,,,0,none
supply,Bandaje sterile,1436,174,174,870,0.234,4,19,1,,,0,none
medication,Insulină Lantus,260,74,74,444,0.196,5,12,6,19.4,45.7,0,none
supply,Comprese,863,289,289,1445,0.079,12,20,0,,,0,none
medication,Dexametazonă 4mg,489,91,91,546,0.073,13,12,4,24.4,58.2,0,none
supply,Tuburi colectare sânge,1531,218,218,1090,0.078,12,5,3,,,0,none
supply,Seringi 5ml,556,406,406,2030,0.206,4,15,2,,,0,none
equipment,Ecograf,2,1,1,5,0.172,5,21,4,,,0,none
medication,Clopidogrel 75mg,125,77,77,462,0.077,12,4,1,21.3,43.0,0,none
supply,Catetere IV,1374,104,104,520,0.24,4,8,5,,,0,none
supply,Tuburi colectare sânge,1529,488,488,2440,0.197,5,10,3,,,0,none
supply,Tuburi colectare sânge,2968,347,347,1735,0.236,4,14,2,,,0,none
medication,Enalapril 10mg,308,47,47,282,0.098,10,11,1,18.9,44.7,0,none
medication,Bisoprolol 5mg,506,65,65,390,0.019,52,14,1,23.5,47.5,0,none
medication,Omeprazol 20mg,389,95,95,570,0.214,4,20,2,23.3,44.7,0,none
supply,Comprese,817,395,395,1975,0.039,25,14,0,,,0,none
bed,Pat Secția Neurologie,1,0,0,1,0.015,66,8,1,,,0,none
supply,Ace vacutainer,1089,154,154,770,0.028,35,0,2,,,0,none
medication,Tramadol 50mg,485,53,53,318,0.19,5,18,1,25.8,61.6,0,none
medication,Ciprofloxacin 500mg,72,84,84,504,0.168,5,19,5,25.8,61.6,0,none
supply,Comprese,1514,329,329,1645,0.292,3,16,2,,,0,none
supply,Mănuși latex,412,145,145,725,0.104,9,6,2,,,0,none
equipment,Pulsoximetru,1,3,3,15,0.037,27,21,1,,,0,none
equipment,Monitor pacient,14,2,2,10,0.273,3,5,0,,,0,none
bed,Pat Secția Chirurgie,0,0,0,1,0.109,0,12,4,,,1,critical
supply,Bandaje sterile,590,439,439,2195,0.082,12,15,6,,,0,none
bed,Pat Secția Ginecologie,0,0,0,1,0.203,0,12,3,,,1,critical
bed,Pat Secția Neurologie,1,0,0,1,0.147,6,21,0,,,0,none
equipment,Spirometru,13,1,1,5,0.279,3,2,0,,,0,none
equipment,Spirometru,6,1,1,5,0.123,8,2,2,,,0,none
supply,Mănuși latex,726,100,100,500,0.275,3,20,0,,,0,none
equipment,Pulsoximetru,2,2,2,10,0.159,6,10,3,,,0,none
medication,Amoxicilină 500mg,541,62,62,372,0.088,11,21,1,20.3,48.8,0,none
bed,Pat Secția Medicină Internă,1,0,0,1,0.294,3,2,2,,,0,none
bed,Pat Secția Neurologie,0,0,0,1,0.137,0,21,2,,,1,critical
supply,Bandaje sterile,2317,130,130,650,0.214,4,9,4,,,0,none
medication,Amoxicilină 500mg,598,34,34,204,0.197,5,9,1,18.0,35.6,0,none
medication,Metformin 850mg,297,34,34,204,0.092,10,6,6,20.1,44.2,0,none
supply,Comprese,2377,161,161,805,0.093,10,10,1,,,0,none
medication,Metformin 850mg,166,23,23,138,0.041,24,1,1,26.1,51.9,0,none
supply,Ace vacutainer,1785,416,416,2080,0.294,3,16,3,,,0,none
equipment,Aparat radiologie,5,3,3,15,0.031,32,14,1,,,0,none
bed,Pat Secția Chirurgie,0,0,0,1,0.202,0,21,2,,,1,critical
bed,Pat Secția Chirurgie,1,0,0,1,0.101,9,20,4,,,0,none
medication,Bisoprolol 5mg,195,39,39,234,0.219,4,0,0,22.6,47.1,0,none
medication,Enalapril 10mg,222,33,33,198,0.114,8,17,6,24.5,67.7,0,none
medication,Dexametazonă 4mg,256,21,21,126,0.221,4,23,5,23.8,40.2,0,none
bed,Pat Secția Ginecologie,0,0,0,1,0.193,0,5,0,,,1,critical
bed,Pat Secția Neurologie,0,0,0,1,0.282,0,8,1,,,1,critical
medication,Levotiroxină 50mcg,451,25,25,150,0.246,4,0,2,22.4,31.2,0,none
supply,Tuburi colectare sânge,2620,461,461,2305,0.274,3,12,3,,,0,none
medication,Dexametazonă 4mg,511,82,82,492,0.26,3,14,5,20.1,60.1,0,none
bed,Pat Secția ATI,0,0,0,1,0.08,0,1,6,,,1,critical
equipment,Ecograf,1,3,3,15,0.205,4,15,1,,,0,none
medication,Diazepam 5mg,140,64,64,384,0.09,11,9,0,18.6,52.1,0,none
bed,Pat Secția Cardiologie,0,0,0,1,0.151,0,23,6,,,1,critical
supply,Comprese,2379,382,382,1910,0.103,9,17,5,,,0,none
medication,Dexametazonă 4mg,173,85,85,510,0.177,5,20,1,24.8,42.4,0,none
supply,Tuburi colectare sânge,2249,433,433,2165,0.134,7,23,0,,,1,medium
medication,Atorvastatină 20mg,360,78,78,468,0.234,4,16,4,19.9,37.1,0,none
medication,Amoxicilină 500mg,436,94,94,564,0.182,5,20,1,21.3,52.9,0,none
equipment,EKG portabil,6,1,1,5,0.246,4,20,0,,,0,none
equipment,Pompă infuzie,1,3,3,15,0.172,5,18,2,,,0,none
supply,Catetere IV,810,500,500,2500,0.11,9,13,5,,,0,none
bed,Pat Secția Medicină Internă,0,0,0,1,0.079,0,10,4,,,1,critical
equipment,Aparat radiologie,13,2,2,10,0.17,5,8,5,,,0,none
medication,Clopidogrel 75mg,596,62,62,372,0.108,9,6,5,23.7,46.9,0,none
medication,Losartan 50mg,98,94,94,564,0.13,7,11,0,24.7,37.5,0,none
bed,Pat Secția ATI,1,0,0,1,0.154,6,21,1,,,0,none
bed,Pat Secția Ortopedie,0,0,0,1,0.127,0,19,0,,,1,critical
bed,Pat Secția Neurologie,0,0,0,1,0.083,0,15,1,,,1,critical
medication,Amlodipină 5mg,137,73,73,438,0.261,3,16,6,23.5,26.3,0,none
bed,Pat Secția Cardiologie,0,0,0,1,0.073,0,3,1,,,1,critical
equipment,Aparat RMN,2,3,3,15,0.247,4,7,2,,,0,none
bed,Pat Secția Pediatrie,1,0,0,1,0.225,4,10,1,,,0,none
bed,Pat Secția Chirurgie,0,0,0,1,0.272,0,10,4,,,1,critical
equipment,Spirometru,14,2,2,10,0.268,3,2,2,,,0,none
supply,Comprese,977,153,153,765,0.27,3,16,3,,,0,none
medication,Atorvastatină 20mg,55,75,75,450,0.222,4,8,5,22.2,43.0,0,none
bed,Pat Secția Chirurgie,0,0,0,1,0.081,0,17,2,,,1,critical
supply,Seringi 5ml,182,166,166,830,0.03,33,2,5,,,0,none
medication,Dexametazonă 4mg,89,77,77,462,0.023,43,13,0,19.8,50.8,0,none
equipment,Laringoscop,13,3,3,15,0.066,15,9,4,,,0,none
supply,Tuburi colectare sânge,44,207,207,1035,0.203,4,20,2,,,0,none
supply,Ace vacutainer,872,470,470,2350,0.069,14,3,0,,,0,none
equipment,Ecograf,14,1,1,5,0.243,4,12,0,,,0,none
medication,Losartan 50mg,113,45,45,270,0.045,22,10,5,20.4,47.4,0,none
medication,Tramadol 50mg,150,36,36,216,0.207,4,11,3,22.2,12.1,0,none
equipment,Laringoscop,2,2,2,10,0.12,8,22,4,,,0,none
bed,Pat Secția Ginecologie,1,0,0,1,0.152,6,14,2,,,0,none
bed,Pat Secția Cardiologie,1,0,0,1,0.145,6,6,4,,,0,none
equipment,Aparat CT,10,1,1,5,0.188,5,5,0,,,0,none
medication,Tramadol 50mg,230,24,24,144,0.09,11,8,2,20.7,54.9,0,none
bed,Pat Secția Chirurgie,1,0,0,1,0.25,4,3,4,,,0,none
supply,Seringi 5ml,2042,396,396,1980,0.201,4,23,5,,,0,none
medication,Metformin 850mg,356,82,82,492,0.243,4,19,1,22.8,42.4,0,none
bed,Pat Secția Neurologie,0,0,0,1,0.202,0,1,2,,,1,critical
bed,Pat Secția Pediatrie,0,0,0,1,0.232,0,14,0,,,1,critical
supply,Soluție dezinfectant,1030,115,115,575,0.284,3,10,6,,,0,none
equipment,Aparat RMN,1,1,1,5,0.293,3,20,0,,,0,none
supply,Comprese,1878,386,386,1930,0.2,5,21,2,,,0,none
equipment,Laringoscop,6,3,3,15,0.108,9,10,2,,,0,none
medication,Ibuprofen 400mg,460,86,86,516,0.215,4,14,3,21.2,33.8,0,none
equipment,Spirometru,10,1,1,5,0.197,5,4,6,,,0,none
medication,Ibuprofen 400mg,39,78,78,468,0.236,4,8,0,22.3,31.2,1,medium
equipment,Ecograf,2,1,1,5,0.096,10,14,2,,,0,none
supply,Seringi 5ml,1144,148,148,740,0.283,3,22,2,,,1,medium
supply,Catetere IV,1980,141,141,705,0.161,6,8,1,,,0,none
bed,Pat Secția Medicină Internă,1,0,0,1,0.097,10,15,0,,,0,none
supply,Catetere IV,1925,142,142,710,0.043,23,3,4,,,1,medium
equipment,Spirometru,1,1,1,5,0.08,12,1,5,,,0,none
medication,Losartan 50mg,229,23,23,138,0.144,6,12,5,19.8,50.7,0,none
bed,Pat Secția Ginecologie,1,0,0,1,0.184,5,1,6,,,0,none
medication,Ibuprofen 400mg,267,49,49,294,0.159,6,14,3,19.1,30.5,0,none
equipment,Aparat radiologie,10,1,1,5,0.086,11,5,2,,,0,none
equipment,Monitor pacient,14,3,3,15,0.045,22,21,1,,,0,none
medication,Ciprofloxacin 500mg,436,56,56,336,0.081,12,8,2,20.6,27.9,0,none
medication,Metformin 850mg,170,79,79,474,0.116,8,15,0,23.6,46.1,0,none
bed,Pat Secția Ginecologie,1,0,0,1,0.067,14,11,3,,,0,none
bed,Pat Secția Ginecologie,1,0,0,1,0.018,55,22,2,,,0,none
medication,Enalapril 10mg,322,31,31,186,0.264,3,6,0,23.6,49.0,0,none
medication,Amoxicilină 500mg,116,95,95,570,0.252,3,20,1,22.3,45.3,0,none
medication,Insulină Lantus,597,46,46,276,0.025,40,4,1,24.7,51.8,0,none
medication,Levotiroxină 50mcg,448,51,51,306,0.227,4,6,4,21.9,50.4,0,none
supply,Mănuși latex,506,309,309,1545,0.042,23,21,6,,,0,none
supply,Ace vacutainer,1106,476,476,2380,0.051,19,2,4,,,0,none
medication,Bisoprolol 5mg,322,46,46,276,0.137,7,10,4,24.0,43.2,0,none
medication,Spironolactonă 25mg,377,27,27,162,0.165,6,19,4,23.2,31.7,0,none
bed,Pat Secția Medicină Internă,0,0,0,1,0.049,0,11,4,,,1,critical
medication,Clopidogrel 75mg,523,27,27,162,0.211,4,23,5,20.6,57.5,0,none
equipment,EKG portabil,6,1,1,5,0.279,3,1,6,,,0,none
equipment,Laringoscop,9,1,1,5,0.18,5,20,6,,,0,none
equipment,Defibrilator,6,2,2,10,0.239,4,4,2,,,0,none
medication,Tramadol 50mg,504,82,82,492,0.15,6,8,4,19.3,56.3,0,none
medication,Losartan 50mg,437,56,56,336,0.244,4,0,3,18.3,36.5,0,none
bed,Pat Secția Ortopedie,1,0,0,1,0.168,5,23,5,,,0,none
equipment,Spirometru,6,1,1,5,0.154,6,17,2,,,0,none
bed,Pat Secția Pediatrie,1,0,0,1,0.016,62,3,0,,,0,none
bed,Pat Secția Pediatrie,0,0,0,1,0.146,0,8,6,,,1,critical
bed,Pat Secția Cardiologie,1,0,0,1,0.023,43,1,4,,,0,none
bed,Pat Secția Cardiologie,0,0,0,1,0.254,0,14,0,,,1,critical
equipment,Ventilator mecanic,7,1,1,5,0.115,8,3,5,,,0,none
equipment,Defibrilator,2,3,3,15,0.124,8,1,5,,,1,medium
bed,Pat Secția Pediatrie,0,0,0,1,0.205,0,16,2,,,1,critical
bed,Pat Secția Medicină Internă,1,0,0,1,0.171,5,21,1,,,0,none
equipment,Spirometru,14,2,2,10,0.182,5,13,5,,,0,none
medication,Losartan 50mg,362,99,99,594,0.113,8,16,0,23.5,59.2,0,none
supply,Tuburi colectare sânge,2906,247,247,1235,0.208,4,4,3,,,0,none
supply,Comprese,543,174,174,870,0.28,3,0,1,,,0,none
medication,Omeprazol 20mg,403,36,36,216,0.148,6,13,6,21.9,47.5,0,none
supply,Seringi 5ml,1139,472,472,2360,0.278,3,11,0,,,0,none
medication,Dexametazonă 4mg,386,49,49,294,0.156,6,0,2,23.1,45.2,0,none
bed,Pat Secția Medicină Internă,0,0,0,1,0.021,0,9,5,,,1,critical
supply,Soluție dezinfectant,695,369,369,1845,0.293,3,14,6,,,0,none
bed,Pat Secția Ortopedie,1,0,0,1,0.15,6,6,4,,,0,none
medication,Amlodipină 5mg,222,49,49,294,0.248,4,14,1,21.9,39.7,0,none
equipment,Defibrilator,10,2,2,10,0.233,4,2,6,,,0,none
bed,Pat Secția Chirurgie,0,0,0,1,0.013,0,15,3,,,1,critical
supply,Mănuși latex,1054,199,199,995,0.269,3,22,4,,,0,none
equipment,Aparat radiologie,11,2,2,10,0.292,3,10,1,,,0,none
bed,Pat Secția Chirurgie,1,0,0,1,0.272,3,3,0,,,0,none
equipment,EKG portabil,9,3,3,15,0.172,5,14,1,,,0,none
medication,Furosemid 40mg,370,26,26,156,0.148,6,7,3,18.4,50.9,0,none
medication,Enalapril 10mg,487,44,44,264,0.268,3,2,5,21.3,53.4,0,none
bed,Pat Secția Medicină Internă,1,0,0,1,0.204,4,19,5,,,0,none
bed,Pat Secția ATI,0,0,0,1,0.129,0,0,4,,,1,critical
medication,Enalapril 10mg,176,23,23,138,0.173,5,2,6,23.9,58.9,0,none
equipment,Spirometru,5,2,2,10,0.062,16,20,5,,,0,none
medication,Levotiroxină 50mcg,38,36,36,216,0.078,12,10,6,19.5,33.0,0,none
supply,Tuburi colectare sânge,1436,158,158,790,0.143,6,19,0,,,0,none
medication,Omeprazol 20mg,14,90,90,540,0.162,6,0,4,21.8,48.6,1,high
medication,Aspirină 100mg,286,35,35,210,0.285,3,1,3,19.5,44.0,0,none
equipment,Pompă infuzie,9,3,3,15,0.237,4,21,4,,,0,none
medication,Paracetamol 500mg,346,93,93,558,0.228,4,1,2,18.8,30.2,0,none
medication,Atorvastatină 20mg,400,72,72,432,0.19,5,4,3,22.9,54.5,0,none
medication,Dexametazonă 4mg,127,56,56,336,0.232,4,9,6,23.4,43.6,0,none
supply,Soluție dezinfectant,188,449,449,2245,0.287,3,3,3,,,1,high
bed,Pat Secția Pediatrie,0,0,0,1,0.279,0,6,6,,,1,critical
supply,Ace vacutainer,436,317,317,1585,0.237,4,22,6,,,0,none
bed,Pat Secția Ginecologie,1,0,0,1,0.291,3,21,4,,,0,none
supply,Catetere IV,2308,361,361,1805,0.223,4,22,6,,,0,none
bed,Pat Secția Neurologie,1,0,0,1,0.089,11,2,0,,,0,none
equipment,Spirometru,15,2,2,10,0.143,6,13,2,,,0,none
bed,Pat Secția Ginecologie,0,0,0,1,0.199,0,19,2,,,1,critical
medication,Tramadol 50mg,53,29,29,174,0.29,3,6,6,24.5,55.4,0,none
equipment,Laringoscop,10,3,3,15,0.3,3,8,1,,,0,none
bed,Pat Secția Ginecologie,0,0,0,1,0.088,0,1,3,,,1,critical
supply,Comprese,1593,276,276,1380,0.03,33,14,2,,,0,none
equipment,Aparat radiologie,3,2,2,10,0.271,3,4,6,,,0,none
medication,Atorvastatină 20mg,162,80,80,480,0.286,3,15,0,23.3,52.7,0,none
equipment,Ventilator mecanic,2,1,1,5,0.257,3,17,6,,,1,medium
medication,Ciprofloxacin 500mg,589,64,64,384,0.238,4,7,1,21.7,38.9,0,none
supply,Catetere IV,80,103,103,515,0.178,5,10,3,,,0,none
bed,Pat Secția Cardiologie,1,0,0,1,0.199,5,6,0,,,0,none
medication,Amlodipină 5mg,74,51,51,306,0.248,4,20,1,23.7,53.5,0,none
equipment,Aparat CT,5,3,3,15,0.268,3,14,6,,,0,none
supply,Tuburi colectare sânge,113,477,477,2385,0.155,6,15,2,,,1,high
bed,Pat Secția Chirurgie,1,0,0,1,0.238,4,14,0,,,0,none
bed,Pat Secția Pediatrie,0,0,0,1,0.222,0,9,2,,,1,critical
medication,Dexametazonă 4mg,448,30,30,180,0.201,4,12,1,18.9,44.6,0,none
equipment,Ecograf,15,2,2,10,0.269,3,9,6,,,0,none
medication,Bisoprolol 5mg,261,67,67,402,0.252,3,3,4,24.0,58.6,0,none
supply,Ace vacutainer,274,240,240,1200,0.059,16,7,5,,,0,none
medication,Metformin 850mg,515,84,84,504,0.146,6,22,2,21.5,39.3,0,none
supply,Bandaje sterile,839,465,465,2325,0.073,13,16,6,,,0,none
bed,Pat Secția Medicină Internă,0,0,0,1,0.101,0,0,3,,,1,critical
supply,Mănuși latex,866,170,170,850,0.202,4,22,2,,,1,medium
bed,Pat Secția Pediatrie,1,0,0,1,0.132,7,15,0,,,0,none
equipment,Laringoscop,5,1,1,5,0.223,4,22,3,,,0,none
equipment,Monitor pacient,6,2,2,10,0.169,5,18,0,,,0,none
bed,Pat Secția Ortopedie,1,0,0,1,0.117,8,15,6,,,0,none
bed,Pat Secția Ginecologie,1,0,0,1,0.28,3,23,3,,,0,none
equipment,Monitor pacient,8,2,2,10,0.024,41,0,4,,,0,none
supply,Soluție dezinfectant,2624,171,171,855,0.18,5,10,1,,,0,none
medication,Clopidogrel 75mg,63,56,56,336,0.176,5,15,4,23.7,54.6,0,none
equipment,Ventilator mecanic,8,2,2,10,0.097,10,5,0,,,0,none
equipment,Laringoscop,12,3,3,15,0.115,8,19,1,,,0,none
supply,Tuburi colectare sânge,2782,218,218,1090,0.197,5,21,2,,,0,none
medication,Insulină Lantus,490,37,37,222,0.099,10,13,1,20.7,41.2,0,none
bed,Pat Secția Chirurgie,1,0,0,1,0.082,12,17,5,,,0,none
medication,Furosemid 40mg,244,50,50,300,0.248,4,3,0,22.8,33.7,0,none
supply,Catetere IV,1448,228,228,1140,0.156,6,16,3,,,0,none
medication,Enalapril 10mg,296,65,65,390,0.055,18,10,0,21.7,55.2,0,none
equipment,Monitor pacient,6,2,2,10,0.215,4,10,0,,,0,none
bed,Pat Secția Cardiologie,1,0,0,1,0.217,4,7,2,,,0,none
medication,Insulină Lantus,434,99,99,594,0.135,7,21,1,22.9,33.3,0,none
bed,Pat Secția Neurologie,1,0,0,1,0.203,4,20,4,,,0,none
bed,Pat Secția Neurologie,1,0,0,1,0.272,3,19,4,,,0,none
supply,Mănuși latex,1770,166,166,830,0.086,11,19,2,,,0,none
supply,Catetere IV,2882,186,186,930,0.182,5,21,4,,,0,none
medication,Levotiroxină 50mcg,537,66,66,396,0.253,3,18,3,22.8,55.7,0,none
supply,Seringi 5ml,370,102,102,510,0.048,20,15,6,,,0,none
medication,Ibuprofen 400mg,320,36,36,216,0.253,3,21,3,24.4,63.7,0,none
medication,Clopidogrel 75mg,77,93,93,558,0.022,45,12,1,23.7,28.7,1,medium
supply,Catetere IV,2820,193,193,965,0.054,18,10,3,,,0,none
equipment,Laringoscop,13,1,1,5,0.184,5,11,0,,,0,none
equipment,Monitor pacient,4,3,3,15,0.048,20,7,5,,,0,none
equipment,Monitor pacient,1,1,1,5,0.026,38,10,6,,,0,none
supply,Ace vacutainer,268,444,444,2220,0.089,11,9,4,,,1,medium
medication,Clopidogrel 75mg,50,82,82,492,0.091,10,19,1,21.9,37.5,1,medium
medication,Ibuprofen 400mg,598,92,92,552,0.186,5,4,2,21.8,53.4,0,none
supply,Mănuși latex,98,417,417,2085,0.013,76,5,1,,,1,high
supply,Comprese,529,487,487,2435,0.262,3,20,1,,,0,none
equipment,Pompă infuzie,6,2,2,10,0.138,7,4,3,,,0,none
equipment,Defibrilator,6,2,2,10,0.1,9,9,3,,,0,none
bed,Pat Secția Medicină Internă,1,0,0,1,0.128,7,21,1,,,0,none
supply,Bandaje sterile,2487,236,236,1180,0.062,16,4,0,,,0,none
medication,Metformin 850mg,212,52,52,312,0.251,3,7,4,23.1,46.8,0,none
supply,Soluție dezinfectant,2065,192,192,960,0.269,3,15,1,,,0,none
medication,Furosemid 40mg,71,36,36,216,0.185,5,1,1,21.1,46.5,0,none
supply,Bandaje sterile,1808,277,277,1385,0.184,5,11,2,,,0,none
equipment,Ecograf,5,1,1,5,0.034,29,13,5,,,0,none
medication,Aspirină 100mg,34,70,70,420,0.258,3,2,0,23.6,45.2,0,none
medication,Insulină Lantus,257,47,47,282,0.124,8,6,6,23.9,59.7,0,none
bed,Pat Secția Ortopedie,0,0,0,1,0.083,0,22,0,,,1,critical
supply,Tuburi colectare sânge,2577,176,176,880,0.058,17,14,3,,,0,none
supply,Comprese,1307,180,180,900,0.144,6,20,4,,,0,none
bed,Pat Secția Ginecologie,1,0,0,1,0.204,4,19,1,,,0,none
medication,Clopidogrel 75mg,223,25,25,150,0.014,71,1,5,19.5,51.6,0,none
medication,Ciprofloxacin 500mg,434,80,80,480,0.28,3,9,3,20.6,52.5,0,none
equipment,Aparat CT,11,2,2,10,0.29,3,7,2,,,0,none
medication,Levotiroxină 50mcg,221,48,48,288,0.063,15,12,2,18.8,23.5,0,none
supply,Ace vacutainer,266,271,271,1355,0.096,10,3,3,,,0,none
medication,Omeprazol 20mg,321,28,28,168,0.247,4,3,6,21.2,14.0,0,none
equipment,Laringoscop,7,2,2,10,0.214,4,18,3,,,0,none
medication,Levotiroxină 50mcg,12,25,25,150,0.238,4,7,5,22.6,61.2,1,high
medication,Furosemid 40mg,404,54,54,324,0.16,6,2,0,20.8,42.5,0,none
bed,Pat Secția Neurologie,0,0,0,1,0.222,0,15,4,,,1,critical
supply,Comprese,1856,428,428,2140,0.048,20,13,0,,,0,none
medication,Losartan 50mg,147,74,74,444,0.099,10,19,6,19.5,47.2,0,none
medication,Tramadol 50mg,158,42,42,252,0.181,5,0,4,22.3,35.7,0,none
supply,Ace vacutainer,2749,197,197,985,0.186,5,20,2,,,0,none
medication,Losartan 50mg,581,70,70,420,0.27,3,0,3,23.0,30.9,0,none
supply,Soluție dezinfectant,811,408,408,2040,0.026,38,17,1,,,0,none
supply,Ace vacutainer,2043,306,306,1530,0.143,6,1,3,,,0,none
equipment,Monitor pacient,5,2,2,10,0.135,7,19,2,,,0,none
supply,Comprese,1767,450,450,2250,0.248,4,18,5,,,0,none
medication,Ciprofloxacin 500mg,418,84,84,504,0.056,17,11,5,23.8,45.9,0,none
supply,Soluție dezinfectant,2593,318,318,1590,0.058,17,5,3,,,0,none
equipment,Spirometru,14,1,1,5,0.071,14,4,2,,,0,none
equipment,Ventilator mecanic,8,1,1,5,0.193,5,13,4,,,0,none
bed,Pat Secția Medicină Internă,1,0,0,1,0.289,3,8,3,,,0,none
medication,Atorvastatină 20mg,259,52,52,312,0.264,3,13,3,23.5,50.7,0,none
bed,Pat Secția Pediatrie,1,0,0,1,0.035,28,12,6,,,0,none
equipment,Ventilator mecanic,9,3,3,15,0.122,8,16,5,,,0,none
equipment,Aparat RMN,10,1,1,5,0.089,11,8,0,,,0,none
supply,Soluție dezinfectant,341,366,366,1830,0.288,3,2,1,,,0,none
supply,Ace vacutainer,192,387,387,1935,0.293,3,3,4,,,1,high
medication,Paracetamol 500mg,124,70,70,420,0.178,5,15,3,18.9,35.7,0,none
supply,Comprese,2023,352,352,1760,0.185,5,20,4,,,0,none
supply,Seringi 5ml,372,497,497,2485,0.205,4,0,0,,,1,medium
equipment,Ecograf,9,2,2,10,0.062,16,4,1,,,1,medium
supply,Soluție dezinfectant,622,210,210,1050,0.031,32,12,5,,,0,none
supply,Comprese,2780,134,134,670,0.094,10,17,1,,,1,medium
medication,Tramadol 50mg,46,43,43,258,0.081,12,13,3,23.5,62.5,0,none
medication,Clopidogrel 75mg,18,51,51,306,0.038,26,10,3,24.5,36.2,0,none
medication,Paracetamol 500mg,107,94,94,564,0.195,5,2,3,20.7,51.4,0,none
bed,Pat Secția Cardiologie,0,0,0,1,0.282,0,16,1,,,1,critical
medication,Omeprazol 20mg,522,81,81,486,0.043,23,10,2,21.7,36.6,0,none
supply,Mănuși latex,1905,420,420,2100,0.027,37,17,3,,,0,none
medication,Tramadol 50mg,144,88,88,528,0.291,3,8,0,23.4,47.1,0,none
bed,Pat Secția ATI,0,0,0,1,0.092,0,20,0,,,1,critical
medication,Omeprazol 20mg,171,34,34,204,0.12,8,0,2,24.6,29.5,0,none
medication,Amlodipină 5mg,77,89,89,534,0.078,12,5,5,20.9,46.8,0,none
medication,Ibuprofen 400mg,167,31,31,186,0.074,13,14,4,21.1,51.8,0,none
equipment,Electroencefalograf,4,1,1,5,0.268,3,0,0,,,0,none
supply,Mănuși latex,1642,328,328,1640,0.157,6,13,3,,,0,none
supply,Catetere IV,555,406,406,2030,0.012,83,10,1,,,0,none
equipment,Monitor pacient,13,1,1,5,0.135,7,0,1,,,0,none
medication,Spironolactonă 25mg,587,58,58,348,0.034,29,10,1,21.7,43.3,0,none
bed,Pat Secția ATI,1,0,0,1,0.24,4,16,2,,,0,none
supply,Seringi 5ml,2722,275,275,1375,0.018,55,10,0,,,0,none
equipment,Aparat CT,6,1,1,5,0.169,5,15,3,,,0,none
medication,Tramadol 50mg,516,52,52,312,0.136,7,1,5,24.9,45.6,0,none
medication,Paracetamol 500mg,460,70,70,420,0.089,11,1,2,23.3,42.1,0,none
medication,Paracetamol 500mg,86,83,83,498,0.272,3,14,5,20.2,38.9,0,none
bed,Pat Secția Medicină Internă,0,0,0,1,0.174,0,22,4,,,1,critical
bed,Pat Secția Medicină Internă,0,0,0,1,0.115,0,5,0,,,1,critical
bed,Pat Secția Pediatrie,0,0,0,1,0.134,0,12,4,,,1,critical
medication,Spironolactonă 25mg,40,66,66,396,0.019,52,2,0,20.7,32.3,0,none
bed,Pat Secția Ginecologie,0,0,0,1,0.219,0,21,3,,,1,critical
medication,Clopidogrel 75mg,450,92,92,552,0.136,7,12,1,21.4,41.8,0,none
bed,Pat Secția Pediatrie,0,0,0,1,0.14,0,0,2,,,1,critical
supply,Mănuși latex,1009,377,377,1885,0.295,3,18,0,,,0,none
bed,Pat Secția Chirurgie,1,0,0,1,0.248,4,13,3,,,0,none
supply,Catetere IV,1903,324,324,1620,0.131,7,10,1,,,0,none
medication,Insulină Lantus,29,32,32,192,0.15,6,14,3,21.7,48.7,0,none
bed,Pat Secția Ginecologie,0,0,0,1,0.047,0,6,4,,,1,critical
medication,Clopidogrel 75mg,235,59,59,354,0.141,7,14,3,21.0,37.6,0,none
medication,Enalapril 10mg,60,99,99,594,0.276,3,5,4,21.7,57.8,0,none
equipment,Defibrilator,6,3,3,15,0.156,6,14,1,,,0,none
supply,Comprese,880,421,421,2105,0.22,4,21,5,,,0,none
medication,Amlodipină 5mg,30,98,98,588,0.08,12,6,5,20.1,37.4,1,high
supply,Ace vacutainer,2186,246,246,1230,0.087,11,7,4,,,0,none
supply,Soluție dezinfectant,2960,488,488,2440,0.124,8,4,5,,,0,none
medication,Amoxicilină 500mg,566,90,90,540,0.131,7,5,6,24.2,43.0,0,none
medication,Atorvastatină 20mg,240,59,59,354,0.27,3,20,1,22.9,46.6,0,none
equipment,Defibrilator,5,1,1,5,0.044,22,4,0,,,0,none
equipment,Electroencefalograf,4,2,2,10,0.266,3,5,6,,,0,none
equipment,Pulsoximetru,3,3,3,15,0.171,5,6,1,,,0,none
equipment,EKG portabil,5,2,2,10,0.087,11,22,0,,,0,none
supply,Ace vacutainer,833,238,238,1190,0.263,3,2,0,,,0,none
medication,Bisoprolol 5mg,271,93,93,558,0.087,11,10,3,21.2,40.3,0,none
bed,Pat Secția Pediatrie,0,0,0,1,0.258,0,12,1,,,1,critical
equipment,Pompă infuzie,2,1,1,5,0.191,5,13,2,,,0,none
supply,Bandaje sterile,1030,438,438,2190,0.122,8,19,4,,,0,none
bed,Pat Secția Medicină Internă,1,0,0,1,0.138,7,6,5,,,0,none
bed,Pat Secția Ginecologie,1,0,0,1,0.232,4,3,2,,,0,none
medication,Paracetamol 500mg,62,79,79,474,0.102,9,20,0,22.4,38.3,1,medium
medication,Furosemid 40mg,181,50,50,300,0.024,41,17,1,21.8,61.4,0,none
bed,Pat Secția ATI,0,0,0,1,0.051,0,9,1,,,1,critical
supply,Catetere IV,688,257,257,1285,0.07,14,20,0,,,0,none
bed,Pat Secția Ortopedie,0,0,0,1,0.133,0,18,3,,,1,critical
medication,Paracetamol 500mg,386,96,96,576,0.192,5,14,2,18.8,32.1,0,none
medication,Amoxicilină 500mg,531,82,82,492,0.183,5,1,3,20.9,53.9,0,none
bed,Pat Secția Pediatrie,1,0,0,1,0.034,29,3,0,,,0,none
bed,Pat Secția Neurologie,0,0,0,1,0.05,0,2,3,,,1,critical
medication,Amlodipină 5mg,53,43,43,258,0.274,3,17,6,20.5,37.9,0,none
bed,Pat Secția Cardiologie,0,0,0,1,0.043,0,17,3,,,1,critical
bed,Pat Secția Pediatrie,1,0,0,1,0.051,19,14,4,,,0,none
equipment,Pulsoximetru,10,3,3,15,0.246,4,14,4,,,0,none
bed,Pat Secția Medicină Internă,0,0,0,1,0.28,0,9,0,,,1,critical
medication,Amlodipină 5mg,139,52,52,312,0.124,8,7,6,20.5,45.6,0,none
bed,Pat Secția Ortopedie,0,0,0,1,0.218,0,11,1,,,1,critical
equipment,Pompă infuzie,12,3,3,15,0.216,4,14,2,,,0,none
supply,Catetere IV,873,485,485,2425,0.27,3,19,4,,,0,none
medication,Atorvastatină 20mg,29,63,63,378,0.101,9,19,5,18.3,40.9,1,high
equipment,Pulsoximetru,1,2,2,10,0.1,10,18,1,,,0,none
supply,Mănuși latex,1296,102,102,510,0.234,4,7,4,,,0,none
medication,Atorvastatină 20mg,349,75,75,450,0.225,4,16,2,22.3,30.9,0,none
supply,Catetere IV,1742,466,466,2330,0.014,71,6,2,,,0,none
medication,Diazepam 5mg,402,22,22,132,0.273,3,2,6,22.3,48.0,0,none
equipment,Ventilator mecanic,7,1,1,5,0.202,4,20,2,,,0,none
bed,Pat Secția ATI,0,0,0,1,0.258,0,9,0,,,1,critical
equipment,Spirometru,10,3,3,15,0.078,12,7,2,,,0,none
medication,Amlodipină 5mg,250,80,80,480,0.234,4,18,2,24.1,47.6,0,none
bed,Pat Secția Neurologie,1,0,0,1,0.143,6,8,4,,,0,none
bed,Pat Secția Neurologie,0,0,0,1,0.106,0,10,6,,,1,critical
supply,Ace vacutainer,1717,334,334,1670,0.24,4,1,0,,,0,none
supply,Soluție dezinfectant,695,180,180,900,0.257,3,20,1,,,0,none
supply,Catetere IV,1342,182,182,910,0.071,14,15,2,,,0,none
supply,Seringi 5ml,582,130,130,650,0.248,4,10,2,,,0,none
medication,Paracetamol 500mg,60,91,91,546,0.086,11,2,1,21.6,55.1,1,medium
supply,Tuburi colectare sânge,1311,213,213,1065,0.253,3,2,5,,,0,none
bed,Pat Secția Ginecologie,1,0,0,1,0.215,4,19,2,,,0,none
equipment,Monitor pacient,3,3,3,15,0.136,7,8,0,,,0,none
equipment,Ventilator mecanic,1,2,2,10,0.239,4,2,0,,,1,medium
equipment,Aparat RMN,9,2,2,10,0.065,15,5,5,,,0,none
equipment,Pompă infuzie,10,1,1,5,0.201,4,1,2,,,0,none
medication,Spironolactonă 25mg,67,81,81,486,0.035,28,7,1,25.3,43.5,0,none
supply,Seringi 5ml,2066,291,291,1455,0.095,10,20,2,,,0,none
medication,Levotiroxină 50mcg,55,43,43,258,0.206,4,6,0,22.8,66.6,0,none
equipment,Electroencefalograf,3,3,3,15,0.273,3,7,3,,,0,none
equipment,Electroencefalograf,15,2,2,10,0.155,6,14,3,,,0,none
medication,Levotiroxină 50mcg,350,78,78,468,0.119,8,9,2,21.5,42.7,0,none
medication,Ciprofloxacin 500mg,113,98,98,588,0.106,9,8,1,19.9,57.7,0,none
medication,Ibuprofen 400mg,143,68,68,408,0.191,5,11,1,22.1,48.2,0,none
supply,Bandaje sterile,787,453,453,2265,0.082,12,2,1,,,0,none
equipment,Electroencefalograf,2,2,2,10,0.292,3,10,5,,,0,none
supply,Tuburi colectare sânge,93,173,173,865,0.119,8,13,0,,,1,medium
equipment,Monitor pacient,12,1,1,5,0.103,9,23,6,,,0,none
medication,Ciprofloxacin 500mg,488,75,75,450,0.056,17,13,2,20.6,42.1,0,none
bed,Pat Secția Medicină Internă,1,0,0,1,0.212,4,18,3,,,0,none
medication,Aspirină 100mg,597,56,56,336,0.026,38,15,1,20.3,57.3,0,none
medication,Clopidogrel 75mg,519,99,99,594,0.07,14,3,1,21.1,49.5,0,none
medication,Dexametazonă 4mg,86,95,95,570,0.204,4,9,6,18.1,30.1,0,none
equipment,Electroencefalograf,6,3,3,15,0.179,5,22,4,,,0,none
medication,Insulină Lantus,300,58,58,348,0.135,7,4,1,22.1,44.0,0,none
medication,Clopidogrel 75mg,173,58,58,348,0.263,3,23,4,20.2,53.8,0,none
medication,Tramadol 50mg,9,28,28,168,0.156,6,21,2,22.1,39.9,1,high
supply,Catetere IV,1849,122,122,610,0.227,4,7,3,,,0,none
equipment,Spirometru,11,2,2,10,0.272,3,16,5,,,0,none
medication,Losartan 50mg,78,79,79,474,0.15,6,15,1,21.5,64.3,0,none
medication,Atorvastatină 20mg,108,72,72,432,0.038,26,0,5,19.2,46.1,0,none
bed,Pat Secția Chirurgie,1,0,0,1,0.267,3,10,6,,,0,none
medication,Clopidogrel 75mg,295,42,42,252,0.218,4,21,6,22.3,49.9,0,none
supply,Catetere IV,2006,451,451,2255,0.271,3,2,2,,,0,none
supply,Catetere IV,1602,366,366,1830,0.281,3,11,5,,,0,none
equipment,Electroencefalograf,6,2,2,10,0.252,3,2,6,,,0,none
equipment,Aparat CT,10,2,2,10,0.294,3,13,5,,,0,none
medication,Amlodipină 5mg,417,21,21,126,0.109,9,10,0,21.7,40.3,0,none
bed,Pat Secția Cardiologie,0,0,0,1,0.18,0,6,1,,,1,critical
medication,Clopidogrel 75mg,76,85,85,510,0.053,18,18,1,23.0,47.7,0,none
supply,Tuburi colectare sânge,1277,385,385,1925,0.253,3,12,4,,,0,none
equipment,Monitor pacient,9,2,2,10,0.176,5,20,4,,,0,none
bed,Pat Secția Cardiologie,0,0,0,1,0.176,0,1,2,,,1,critical
medication,Ibuprofen 400mg,266,46,46,276,0.123,8,5,1,22.3,26.7,0,none
supply,Catetere IV,1025,168,168,840,0.078,12,4,3,,,0,none
medication,Furosemid 40mg,10,34,34,204,0.151,6,19,0,19.9,39.9,1,high
equipment,Aparat RMN,11,3,3,15,0.015,66,21,2,,,0,none
medication,Insulină Lantus,4,73,73,438,0.239,4,6,2,20.8,48.4,1,high
supply,Tuburi colectare sânge,1862,291,291,1455,0.124,8,5,6,,,0,none
