notification_type,priority,priority_score,hour,day_of_week,user_role,time_sensitivity_hours,should_push,was_read,read_delay_minutes,channel
patient_followup,normal,0.402,17,0,doctor,72,1,1,260,both
appointment_pending,high,0.897,7,5,patient,72,1,1,439,email
message_received,low,0.139,4,5,admin,72,0,0,,in_app
appointment_confirmed,low,0.182,8,5,admin,48,0,1,744,email
system_update,low,0.231,10,6,admin,168,1,1,828,both
appointment_cancelled,low,0.246,11,0,doctor,48,1,0,,email
appointment_pending,high,0.867,19,4,patient,48,1,1,55,in_app
emergency_alert,urgent,0.96,3,3,doctor,0.5,1,1,1059,in_app
system_update,low,0.349,4,6,doctor,168,1,1,708,both
appointment_confirmed,low,0.365,14,6,admin,168,0,0,,both
bed_occupancy_high,low,0.198,20,4,doctor,168,0,1,877,email
low_stock_critical,urgent,0.989,19,5,admin,2,1,0,,in_app
equipment_maintenance,low,0.189,14,5,patient,72,0,1,681,email
equipment_maintenance,low,0.188,12,1,patient,168,1,1,351,in_app
appointment_pending,high,0.777,15,5,doctor,48,1,1,327,both
emergency_alert,urgent,0.908,21,4,doctor,0.5,1,0,,email
appointment_cancelled,low,0.226,1,2,admin,72,1,1,642,both
equipment_maintenance,low,0.394,20,0,admin,168,0,1,1014,both
appointment_pending,high,0.87,1,6,patient,48,1,1,394,in_app
low_stock_warning,high,0.71,6,1,doctor,168,1,1,37,both
appointment_reminder,normal,0.439,20,0,doctor,1,1,1,370,both
low_stock_warning,high,0.814,1,6,doctor,72,1,1,880,in_app
equipment_maintenance,low,0.137,3,4,admin,168,0,0,,email
low_stock_warning,high,0.711,23,4,doctor,168,1,1,782,email
emergency_alert,urgent,0.964,13,1,patient,0.5,1,1,1363,both
bed_occupancy_high,low,0.22,10,0,admin,24,0,1,654,email
equipment_maintenance,low,0.111,6,3,patient,48,0,0,,email
appointment_cancelled,low,0.235,7,4,admin,168,0,1,13,email
low_stock_warning,high,0.781,11,0,doctor,48,1,1,817,in_app
shift_change,low,0.359,6,4,admin,24,0,0,,email
shift_change,low,0.164,6,5,doctor,24,1,0,,email
appointment_reminder,normal,0.641,4,5,admin,8,1,1,963,email
bed_occupancy_high,low,0.173,17,0,patient,168,1,1,892,both
lab_results,low,0.369,0,2,admin,168,0,0,,in_app
emergency_alert,urgent,0.958,2,4,patient,0.5,1,1,561,email
lab_results,low,0.12,22,4,admin,168,1,1,90,both
equipment_maintenance,low,0.268,19,5,doctor,48,0,1,286,email
low_stock_critical,urgent,0.988,14,2,admin,2,1,1,535,both
low_stock_critical,urgent,0.904,20,6,patient,2,1,1,79,email
bed_occupancy_high,low,0.225,0,1,admin,72,0,1,181,email
appointment_confirmed,low,0.165,13,4,admin,48,1,0,,email
system_update,low,0.109,5,4,admin,48,0,0,,email
low_stock_warning,high,0.775,8,6,doctor,24,1,1,560,email
appointment_confirmed,low,0.291,10,1,patient,168,0,0,,both
appointment_confirmed,low,0.24,11,3,patient,24,1,1,1204,in_app
equipment_maintenance,low,0.366,20,5,doctor,24,0,0,,both
appointment_confirmed,low,0.232,4,2,doctor,24,0,0,,both
emergency_alert,urgent,0.927,5,1,patient,0.5,1,1,1434,email
appointment_confirmed,low,0.115,9,3,doctor,168,0,1,804,in_app
system_update,low,0.302,0,6,admin,24,0,1,1392,email
lab_results,low,0.326,14,6,doctor,168,1,1,912,email
emergency_alert,urgent,0.966,17,3,admin,0.5,1,1,816,in_app
appointment_cancelled,low,0.224,9,3,doctor,72,1,1,711,email
appointment_confirmed,low,0.34,13,6,patient,48,1,1,61,in_app
system_update,low,0.375,8,1,doctor,72,0,0,,both
low_stock_critical,urgent,0.942,3,1,patient,2,1,0,,email
system_update,low,0.292,17,0,patient,72,0,1,690,in_app
message_received,low,0.291,1,5,doctor,48,0,1,281,email
appointment_confirmed,low,0.132,8,0,admin,24,0,1,710,both
patient_followup,normal,0.575,9,0,doctor,48,0,1,345,both
appointment_pending,high,0.744,2,6,patient,72,1,0,,in_app
equipment_maintenance,low,0.316,16,0,patient,48,1,1,263,both
shift_change,low,0.387,7,4,admin,48,0,0,,in_app
appointment_confirmed,low,0.355,9,1,admin,24,0,1,637,both
emergency_alert,urgent,0.973,14,5,admin,0.5,1,0,,both
emergency_alert,urgent,0.957,20,5,patient,0.5,1,1,1346,in_app
appointment_confirmed,low,0.105,22,1,doctor,24,0,1,1194,email
appointment_pending,high,0.881,22,1,doctor,72,1,1,157,in_app
message_received,low,0.328,19,5,patient,48,0,1,1069,email
appointment_pending,high,0.788,2,0,doctor,24,1,1,1081,email
bed_occupancy_high,low,0.233,8,1,admin,24,0,1,107,in_app
patient_followup,normal,0.418,17,3,patient,168,0,1,1284,in_app
system_update,low,0.344,18,1,admin,24,1,0,,both
appointment_reminder,normal,0.525,2,6,doctor,1,1,0,,both
appointment_confirmed,low,0.365,18,3,doctor,24,0,1,152,both
lab_results,low,0.226,0,3,patient,72,0,0,,email
low_stock_critical,urgent,0.998,7,2,admin,2,1,0,,in_app
bed_occupancy_high,low,0.125,21,3,doctor,24,0,0,,email
appointment_pending,high,0.871,21,4,doctor,72,1,1,1391,in_app
emergency_alert,urgent,0.965,20,5,admin,0.5,1,1,1106,email
lab_results,low,0.365,16,0,patient,48,0,1,1039,in_app
lab_results,low,0.38,7,0,patient,72,1,1,1242,both
low_stock_warning,high,0.874,13,6,doctor,168,1,1,835,email
system_update,low,0.261,3,0,admin,168,0,1,192,both
appointment_cancelled,low,0.339,1,6,doctor,48,0,1,1431,email
low_stock_critical,urgent,0.947,21,6,admin,2,1,1,679,email
appointment_cancelled,low,0.157,18,0,patient,24,0,0,,email
appointment_confirmed,low,0.392,14,3,patient,48,1,1,994,both
system_update,low,0.219,22,0,doctor,48,1,1,449,in_app
emergency_alert,urgent,0.966,11,0,admin,0.5,1,0,,both
lab_results,low,0.287,3,1,patient,48,0,1,1071,email
appointment_confirmed,low,0.125,6,5,admin,24,1,1,1065,email
message_received,low,0.117,22,0,admin,24,0,0,,both
low_stock_critical,urgent,0.923,21,4,doctor,2,1,1,1248,email
appointment_pending,high,0.761,16,5,doctor,48,1,1,801,both
appointment_confirmed,low,0.215,19,3,patient,48,1,1,19,email
appointment_pending,high,0.793,12,1,doctor,72,1,1,74,both
appointment_confirmed,low,0.308,10,0,patient,24,0,1,1014,both
appointment_pending,high,0.785,6,6,doctor,48,1,0,,both
message_received,low,0.219,22,2,doctor,72,1,1,455,in_app
appointment_cancelled,low,0.228,13,6,doctor,168,0,1,375,email
appointment_confirmed,low,0.279,8,4,admin,24,1,1,717,in_app
shift_change,low,0.161,12,2,patient,168,0,0,,in_app
appointment_confirmed,low,0.365,21,5,doctor,168,0,1,579,in_app
equipment_maintenance,low,0.177,5,2,patient,48,0,0,,in_app
low_stock_warning,high,0.871,0,6,admin,48,1,1,1196,both
appointment_confirmed,low,0.364,4,1,admin,72,0,1,216,email
appointment_reminder,normal,0.445,3,0,patient,2,0,0,,in_app
shift_change,low,0.117,22,4,admin,72,0,0,,both
low_stock_warning,high,0.881,19,5,patient,48,1,0,,email
lab_results,low,0.129,11,6,patient,24,0,1,1434,email
appointment_reminder,normal,0.453,21,6,patient,4,0,0,,both
message_received,low,0.338,19,1,patient,168,0,1,928,in_app
lab_results,low,0.324,15,2,doctor,168,0,1,5,email
appointment_cancelled,low,0.32,3,6,patient,168,0,0,,both
shift_change,low,0.281,4,3,patient,24,0,1,829,both
low_stock_warning,high,0.736,12,2,admin,168,1,1,1355,email
bed_occupancy_high,low,0.394,6,5,admin,168,1,0,,in_app
low_stock_critical,urgent,0.961,9,5,doctor,2,1,1,963,email
low_stock_critical,urgent,0.995,13,6,doctor,2,1,1,460,in_app
appointment_pending,high,0.722,5,4,doctor,72,1,0,,email
patient_followup,normal,0.664,5,1,patient,48,0,1,598,in_app
message_received,low,0.216,16,2,doctor,168,1,0,,both
message_received,low,0.315,1,6,patient,168,1,1,990,email
lab_results,low,0.34,0,4,doctor,24,0,1,328,both
appointment_confirmed,low,0.32,2,2,doctor,48,0,1,29,both
appointment_pending,high,0.87,13,0,admin,48,1,0,,in_app
system_update,low,0.175,12,6,admin,48,1,0,,both
appointment_confirmed,low,0.313,20,6,patient,168,0,1,163,in_app
appointment_pending,high,0.746,0,3,doctor,168,1,0,,both
emergency_alert,urgent,0.99,12,3,patient,0.5,1,1,884,both
equipment_maintenance,low,0.214,16,0,doctor,168,1,1,555,both
appointment_cancelled,low,0.307,13,5,admin,168,1,0,,in_app
appointment_confirmed,low,0.122,4,3,admin,48,0,1,253,email
shift_change,low,0.353,0,4,doctor,48,0,0,,email
appointment_pending,high,0.824,8,4,admin,72,1,1,1065,email
emergency_alert,urgent,0.945,2,6,doctor,0.5,1,0,,email
patient_followup,normal,0.434,11,5,doctor,24,0,0,,both
message_received,low,0.241,15,1,doctor,24,0,0,,both
equipment_maintenance,low,0.372,15,0,patient,72,0,1,1245,in_app
system_update,low,0.339,15,4,patient,48,1,1,1037,both
lab_results,low,0.123,21,4,patient,168,0,1,439,email
message_received,low,0.135,8,1,admin,24,0,1,274,email
appointment_confirmed,low,0.32,0,4,patient,48,0,1,982,email
shift_change,low,0.282,11,1,doctor,48,0,1,1284,in_app
system_update,low,0.326,5,3,admin,72,0,1,851,email
appointment_pending,high,0.752,0,0,admin,48,1,1,281,email
shift_change,low,0.18,19,5,admin,72,1,1,938,both
emergency_alert,urgent,0.977,12,1,doctor,0.5,1,1,532,email
patient_followup,normal,0.609,22,6,admin,168,1,1,787,in_app
appointment_pending,high,0.705,2,5,doctor,168,1,1,91,both
appointment_cancelled,low,0.358,19,5,patient,48,1,1,241,both
low_stock_critical,urgent,0.96,13,0,admin,2,1,0,,email
system_update,low,0.221,16,0,admin,24,0,1,1284,both
message_received,low,0.306,23,2,patient,48,0,1,446,in_app
bed_occupancy_high,low,0.242,5,1,doctor,24,1,1,1294,in_app
appointment_cancelled,low,0.103,23,3,doctor,48,0,1,797,in_app
low_stock_warning,high,0.88,1,3,doctor,48,1,1,1219,both
low_stock_warning,high,0.805,22,2,admin,24,1,0,,in_app
equipment_maintenance,low,0.12,20,6,doctor,72,0,1,46,email
appointment_confirmed,low,0.215,11,4,patient,72,0,0,,both
patient_followup,normal,0.482,15,5,doctor,24,0,1,1344,both
low_stock_critical,urgent,0.933,0,3,doctor,2,1,0,,both
bed_occupancy_high,low,0.36,20,1,admin,48,0,1,246,email
appointment_cancelled,low,0.367,8,5,admin,72,0,1,596,in_app
lab_results,low,0.382,2,5,admin,168,1,0,,in_app
appointment_cancelled,low,0.394,13,5,patient,72,0,1,1222,email
bed_occupancy_high,low,0.169,4,2,patient,72,0,1,200,both
shift_change,low,0.191,2,6,patient,24,0,1,798,both
shift_change,low,0.131,17,3,patient,168,0,0,,in_app
emergency_alert,urgent,0.958,2,6,patient,0.5,1,1,951,email
equipment_maintenance,low,0.151,8,0,patient,48,0,1,878,both
low_stock_warning,high,0.885,8,2,patient,24,1,1,608,both
appointment_confirmed,low,0.116,7,4,patient,24,0,0,,in_app
emergency_alert,urgent,0.976,23,4,patient,0.5,1,0,,both
emergency_alert,urgent,0.948,10,5,doctor,0.5,1,0,,in_app
lab_results,low,0.279,6,0,patient,48,0,0,,both
lab_results,low,0.385,10,1,patient,48,0,0,,in_app
appointment_cancelled,low,0.221,13,3,patient,48,0,0,,email
bed_occupancy_high,low,0.328,13,6,patient,24,1,0,,both
low_stock_critical,urgent,0.907,9,0,admin,2,1,1,1304,in_app
appointment_reminder,normal,0.41,2,2,admin,8,0,1,687,email
emergency_alert,urgent,0.998,4,3,patient,0.5,1,1,187,both
low_stock_warning,high,0.762,2,0,admin,72,1,1,1098,email
bed_occupancy_high,low,0.23,9,5,patient,24,0,0,,both
emergency_alert,urgent,0.938,10,1,doctor,0.5,1,1,224,both
emergency_alert,urgent,0.983,16,2,patient,0.5,1,1,567,in_app
message_received,low,0.144,6,3,admin,24,1,0,,email
low_stock_warning,high,0.781,17,4,doctor,48,1,1,68,in_app
lab_results,low,0.18,10,2,patient,72,0,1,1297,email
low_stock_critical,urgent,0.941,5,6,doctor,2,1,0,,in_app
low_stock_critical,urgent,0.952,13,1,doctor,2,1,0,,in_app
system_update,low,0.292,4,4,patient,24,1,0,,both
bed_occupancy_high,low,0.306,5,4,patient,72,0,1,1306,in_app
bed_occupancy_high,low,0.338,2,2,admin,24,1,0,,both
message_received,low,0.144,18,5,admin,48,0,1,1260,email
appointment_reminder,normal,0.615,1,5,patient,8,0,1,191,email
bed_occupancy_high,low,0.157,4,5,doctor,72,0,1,837,both
lab_results,low,0.185,2,5,doctor,72,0,1,767,both
message_received,low,0.102,21,5,admin,72,0,1,1128,in_app
lab_results,low,0.286,10,4,doctor,24,0,1,441,email
message_received,low,0.347,12,6,patient,72,1,0,,email
message_received,low,0.253,7,0,admin,24,0,0,,in_app
low_stock_warning,high,0.885,13,3,patient,168,1,1,861,both
shift_change,low,0.234,17,6,doctor,24,1,1,184,in_app
lab_results,low,0.102,21,0,patient,48,0,1,889,in_app
low_stock_warning,high,0.77,16,2,patient,72,1,1,416,email
appointment_pending,high,0.815,9,6,admin,168,1,1,109,in_app
shift_change,low,0.345,20,2,doctor,24,0,1,465,both
system_update,low,0.278,9,6,admin,72,0,1,583,in_app
bed_occupancy_high,low,0.37,6,3,admin,72,0,1,1411,both
bed_occupancy_high,low,0.213,23,1,doctor,48,0,1,164,email
appointment_cancelled,low,0.181,11,3,patient,24,0,1,101,email
appointment_pending,high,0.866,22,1,doctor,24,1,0,,both
bed_occupancy_high,low,0.211,18,3,patient,72,0,0,,both
appointment_cancelled,low,0.202,14,1,patient,48,1,0,,both
appointment_cancelled,low,0.184,21,1,admin,24,0,1,243,both
appointment_pending,high,0.748,13,3,doctor,168,1,1,136,in_app
low_stock_critical,urgent,0.977,4,0,patient,2,1,1,326,email
emergency_alert,urgent,0.942,19,1,patient,0.5,1,1,81,email
appointment_pending,high,0.774,19,4,admin,24,1,0,,in_app
shift_change,low,0.229,18,4,admin,168,1,1,605,in_app
appointment_reminder,normal,0.542,21,6,doctor,4,0,1,618,email
emergency_alert,urgent,0.961,15,0,doctor,0.5,1,1,280,email
bed_occupancy_high,low,0.333,6,4,doctor,24,1,0,,in_app
appointment_confirmed,low,0.19,19,0,patient,48,0,0,,email
low_stock_critical,urgent,0.924,8,0,doctor,2,1,1,211,email
low_stock_warning,high,0.737,13,2,doctor,72,1,1,280,email
appointment_confirmed,low,0.392,19,1,doctor,24,0,1,161,email
shift_change,low,0.149,16,3,patient,168,0,1,269,email
low_stock_critical,urgent,0.912,6,4,admin,2,1,1,256,both
bed_occupancy_high,low,0.117,13,6,patient,72,0,0,,in_app
emergency_alert,urgent,0.958,18,4,admin,0.5,1,1,1111,both
equipment_maintenance,low,0.241,1,0,doctor,24,0,1,1092,both
system_update,low,0.185,14,6,admin,24,1,0,,in_app
shift_change,low,0.149,2,5,patient,48,0,1,613,in_app
appointment_pending,high,0.733,4,3,patient,72,1,1,736,in_app
appointment_pending,high,0.88,16,4,doctor,72,1,1,574,both
lab_results,low,0.313,10,1,admin,48,0,1,409,email
shift_change,low,0.154,9,6,doctor,168,1,0,,email
appointment_pending,high,0.757,11,0,patient,72,1,1,276,email
appointment_reminder,normal,0.469,10,2,doctor,4,0,1,1025,both
lab_results,low,0.371,3,5,admin,24,0,1,967,email
low_stock_warning,high,0.815,23,4,admin,72,1,1,215,in_app
system_update,low,0.363,2,1,admin,48,0,1,168,in_app
message_received,low,0.368,13,0,doctor,168,0,0,,both
equipment_maintenance,low,0.304,6,6,admin,24,0,1,1357,both
message_received,low,0.395,7,1,doctor,48,0,1,290,in_app
appointment_reminder,normal,0.485,1,3,patient,24,0,1,1339,in_app
appointment_reminder,normal,0.557,11,2,doctor,1,0,1,1139,in_app
patient_followup,normal,0.523,12,3,doctor,24,1,1,1275,email
appointment_cancelled,low,0.331,4,1,doctor,48,0,0,,email
low_stock_warning,high,0.762,18,5,patient,72,1,1,1154,in_app
appointment_reminder,normal,0.557,11,2,doctor,24,0,0,,in_app
low_stock_critical,urgent,0.909,14,4,admin,2,1,1,1269,both
appointment_reminder,normal,0.45,15,3,admin,24,0,1,431,in_app
lab_results,low,0.221,19,5,doctor,48,0,1,274,in_app
equipment_maintenance,low,0.141,0,0,admin,24,1,1,583,email
patient_followup,normal,0.439,16,1,admin,168,0,1,1050,both
appointment_pending,high,0.803,2,3,patient,72,1,1,1355,email
appointment_pending,high,0.9,8,0,patient,48,1,1,982,both
bed_occupancy_high,low,0.373,14,3,doctor,48,0,1,389,email
equipment_maintenance,low,0.349,4,4,doctor,48,0,1,251,both
lab_results,low,0.305,18,2,admin,72,1,0,,email
equipment_maintenance,low,0.387,16,1,patient,48,0,1,1253,in_app
patient_followup,normal,0.415,7,2,doctor,48,0,0,,in_app
bed_occupancy_high,low,0.122,9,2,doctor,168,1,1,1298,both
emergency_alert,urgent,0.912,18,2,patient,0.5,1,0,,both
system_update,low,0.263,23,0,patient,24,1,1,341,both
bed_occupancy_high,low,0.317,9,2,doctor,24,0,1,727,email
message_received,low,0.28,22,1,patient,24,0,0,,email
low_stock_critical,urgent,0.903,4,2,admin,2,1,1,395,in_app
patient_followup,normal,0.639,18,5,patient,48,1,1,839,in_app
equipment_maintenance,low,0.117,16,3,admin,48,0,0,,both
low_stock_critical,urgent,0.921,16,6,doctor,2,1,0,,in_app
emergency_alert,urgent,0.951,19,1,doctor,0.5,1,1,879,email
low_stock_warning,high,0.777,7,5,patient,72,1,1,1088,both
appointment_pending,high,0.727,7,3,doctor,24,1,1,649,in_app
bed_occupancy_high,low,0.277,1,5,admin,168,0,1,1047,both
shift_change,low,0.287,12,5,admin,72,1,1,477,in_app
system_update,low,0.269,8,1,admin,168,1,1,915,both
emergency_alert,urgent,0.92,12,5,doctor,0.5,1,0,,in_app
appointment_reminder,normal,0.565,23,3,admin,1,1,1,1232,in_app
equipment_maintenance,low,0.355,13,2,patient,72,0,1,1132,in_app
lab_results,low,0.315,2,3,admin,168,1,0,,both
appointment_confirmed,low,0.341,16,6,admin,168,0,0,,both
message_received,low,0.133,21,1,admin,168,1,1,72,in_app
message_received,low,0.293,21,2,patient,24,1,1,1358,both
lab_results,low,0.159,11,0,doctor,168,0,1,302,in_app
shift_change,low,0.205,0,1,patient,48,0,0,,email
shift_change,low,0.266,1,6,patient,48,1,0,,both
appointment_reminder,normal,0.549,6,0,patient,2,0,1,1315,email
appointment_cancelled,low,0.183,23,4,admin,168,0,0,,both
system_update,low,0.363,15,4,patient,24,1,0,,in_app
shift_change,low,0.348,13,0,patient,24,1,1,1231,both
low_stock_critical,urgent,0.989,12,1,admin,2,1,1,598,in_app
message_received,low,0.128,5,5,admin,48,0,1,31,in_app
appointment_cancelled,low,0.224,14,6,doctor,168,1,1,208,both
patient_followup,normal,0.474,18,1,doctor,48,1,1,526,in_app
system_update,low,0.301,23,1,patient,24,0,1,1023,email
appointment_cancelled,low,0.182,3,5,doctor,48,0,1,1335,email
message_received,low,0.227,0,3,patient,24,1,0,,in_app
message_received,low,0.304,10,0,doctor,24,0,0,,email
shift_change,low,0.356,3,0,admin,24,0,1,799,email
low_stock_critical,urgent,0.901,16,1,patient,2,1,1,132,both
appointment_cancelled,low,0.208,8,2,admin,168,0,1,630,email
appointment_pending,high,0.825,14,0,patient,48,1,1,965,both
system_update,low,0.17,16,6,patient,48,0,0,,in_app
emergency_alert,urgent,0.944,12,3,admin,0.5,1,1,1164,email
appointment_pending,high,0.771,9,1,doctor,24,1,0,,in_app
system_update,low,0.25,22,2,patient,24,0,0,,email
appointment_cancelled,low,0.273,8,4,admin,48,0,1,1035,in_app
appointment_reminder,normal,0.428,3,3,patient,24,0,1,633,in_app
appointment_confirmed,low,0.366,22,1,patient,24,1,0,,both
shift_change,low,0.101,22,5,admin,24,0,1,281,email
equipment_maintenance,low,0.358,8,3,doctor,168,1,1,397,in_app
appointment_confirmed,low,0.17,13,6,patient,48,1,1,1114,email
equipment_maintenance,low,0.109,9,4,doctor,72,0,0,,in_app
equipment_maintenance,low,0.196,14,0,doctor,168,0,1,1415,in_app
appointment_cancelled,low,0.179,4,5,patient,168,0,1,219,both
appointment_confirmed,low,0.279,10,4,admin,168,0,1,404,both
shift_change,low,0.161,5,3,admin,48,1,1,883,email
patient_followup,normal,0.406,4,2,admin,72,0,0,,both
appointment_confirmed,low,0.298,1,0,admin,168,0,1,1423,email
system_update,low,0.203,15,0,doctor,48,0,1,1199,both
emergency_alert,urgent,0.977,22,3,admin,0.5,1,1,389,in_app
system_update,low,0.234,12,4,patient,48,0,0,,both
low_stock_critical,urgent,0.953,20,6,admin,2,1,1,593,in_app
appointment_confirmed,low,0.373,18,0,patient,72,1,1,435,both
system_update,low,0.231,16,5,doctor,168,0,1,1218,in_app
low_stock_critical,urgent,0.973,22,5,admin,2,1,1,273,both
shift_change,low,0.286,15,0,doctor,72,0,1,1335,in_app
appointment_reminder,normal,0.496,1,5,doctor,2,0,1,1075,both
appointment_reminder,normal,0.53,17,4,doctor,2,0,1,504,in_app
appointment_reminder,normal,0.541,3,4,doctor,8,0,1,336,both
low_stock_warning,high,0.846,20,2,doctor,24,1,0,,in_app
lab_results,low,0.311,3,1,doctor,24,0,0,,in_app
appointment_reminder,normal,0.641,13,5,doctor,2,0,0,,email
equipment_maintenance,low,0.27,0,6,doctor,168,1,0,,in_app
bed_occupancy_high,low,0.277,4,1,admin,72,0,1,712,email
low_stock_critical,urgent,0.944,22,5,doctor,2,1,1,836,both
patient_followup,normal,0.449,3,0,admin,24,0,1,859,both
low_stock_critical,urgent,0.905,11,1,patient,2,1,0,,email
system_update,low,0.16,23,2,patient,48,0,1,1356,in_app
equipment_maintenance,low,0.282,20,2,admin,48,0,1,1339,email
appointment_cancelled,low,0.19,6,4,admin,48,0,1,1116,in_app
emergency_alert,urgent,0.904,15,0,admin,0.5,1,1,155,both
system_update,low,0.229,3,4,patient,48,0,0,,both
low_stock_critical,urgent,0.928,8,1,doctor,2,1,1,1023,both
emergency_alert,urgent,0.983,2,1,doctor,0.5,1,0,,in_app
system_update,low,0.326,16,2,patient,72,0,1,951,email
message_received,low,0.388,19,5,patient,24,1,0,,both
equipment_maintenance,low,0.17,7,1,doctor,48,0,0,,in_app
lab_results,low,0.157,13,1,doctor,48,0,0,,both
emergency_alert,urgent,0.975,18,6,patient,0.5,1,1,1133,both
lab_results,low,0.173,17,1,admin,48,0,1,1068,both
shift_change,low,0.324,7,2,doctor,24,1,1,1126,both
message_received,low,0.281,18,4,patient,72,1,1,139,both
patient_followup,normal,0.683,0,2,admin,72,0,1,841,email
low_stock_warning,high,0.899,4,6,doctor,48,1,0,,in_app
bed_occupancy_high,low,0.188,7,3,doctor,24,1,1,981,in_app
patient_followup,normal,0.691,20,0,patient,24,1,0,,both
low_stock_warning,high,0.743,14,3,doctor,168,1,1,1173,in_app
patient_followup,normal,0.634,0,2,admin,24,1,0,,email
bed_occupancy_high,low,0.278,0,2,patient,24,0,1,1158,email
equipment_maintenance,low,0.302,18,6,admin,48,1,0,,in_app
equipment_maintenance,low,0.393,23,0,admin,168,0,1,373,email
equipment_maintenance,low,0.122,16,2,admin,24,1,0,,in_app
appointment_pending,high,0.802,22,4,patient,24,1,1,62,email
appointment_reminder,normal,0.493,19,6,doctor,24,1,1,1016,email
appointment_confirmed,low,0.202,13,4,doctor,72,0,1,428,both
patient_followup,normal,0.588,21,0,admin,72,1,1,634,in_app
low_stock_warning,high,0.757,15,6,patient,48,1,1,435,in_app
shift_change,low,0.331,17,0,patient,168,1,1,476,email
low_stock_critical,urgent,0.922,2,6,patient,2,1,0,,email
shift_change,low,0.236,5,3,patient,72,0,1,511,both
bed_occupancy_high,low,0.318,4,2,doctor,24,0,1,61,in_app
equipment_maintenance,low,0.156,3,2,doctor,48,0,0,,both
appointment_cancelled,low,0.373,23,1,patient,48,0,1,229,email
appointment_confirmed,low,0.119,12,4,doctor,48,0,1,1009,in_app
system_update,low,0.189,11,1,admin,72,0,0,,both
patient_followup,normal,0.493,6,2,admin,24,0,1,410,both
system_update,low,0.242,20,2,admin,168,1,1,537,in_app
low_stock_critical,urgent,0.957,14,4,patient,2,1,1,452,in_app
low_stock_critical,urgent,0.949,5,1,patient,2,1,0,,in_app
shift_change,low,0.23,14,2,admin,72,1,1,485,both
message_received,low,0.227,0,0,doctor,168,1,1,387,email
appointment_cancelled,low,0.187,0,5,doctor,48,1,1,20,both
low_stock_warning,high,0.71,16,2,admin,24,1,1,283,email
low_stock_critical,urgent,0.962,0,4,admin,2,1,1,46,both
low_stock_critical,urgent,0.955,23,5,doctor,2,1,1,133,both
appointment_pending,high,0.821,5,3,patient,72,1,1,450,in_app
appointment_reminder,normal,0.435,4,4,admin,2,0,1,893,both
appointment_pending,high,0.799,20,2,patient,168,1,1,279,in_app
patient_followup,normal,0.452,23,4,patient,168,0,0,,in_app
lab_results,low,0.105,8,4,admin,72,1,1,1280,email
low_stock_critical,urgent,0.947,1,0,doctor,2,1,0,,email
appointment_reminder,normal,0.423,7,5,patient,8,1,1,1055,email
appointment_pending,high,0.762,13,3,patient,24,1,1,855,both
appointment_reminder,normal,0.408,3,1,patient,2,0,0,,both
appointment_confirmed,low,0.238,22,4,patient,24,0,1,832,both
low_stock_critical,urgent,0.995,9,6,admin,2,1,1,1140,both
low_stock_critical,urgent,0.98,0,1,admin,2,1,0,,both
appointment_pending,high,0.873,0,2,patient,24,1,1,1142,in_app
lab_results,low,0.314,13,0,doctor,72,0,0,,both
equipment_maintenance,low,0.265,7,6,admin,48,0,0,,email
appointment_pending,high,0.896,9,1,doctor,168,1,1,293,both
low_stock_critical,urgent,0.924,4,6,admin,2,1,1,577,email
low_stock_warning,high,0.734,6,5,doctor,72,1,1,725,email
appointment_pending,high,0.772,16,1,doctor,168,1,1,518,in_app
appointment_pending,high,0.706,18,6,patient,168,1,1,515,in_app
appointment_cancelled,low,0.271,18,3,admin,24,0,1,281,in_app
system_update,low,0.303,4,1,patient,168,1,0,,both
message_received,low,0.141,20,5,admin,168,0,1,1383,in_app
appointment_reminder,normal,0.442,20,2,admin,8,0,0,,email
appointment_confirmed,low,0.341,0,6,doctor,168,0,1,947,in_app
appointment_pending,high,0.738,17,3,doctor,168,1,0,,email
emergency_alert,urgent,0.912,9,1,patient,0.5,1,1,1354,email
appointment_cancelled,low,0.316,5,4,patient,24,0,0,,email
lab_results,low,0.39,2,3,admin,72,0,1,1136,both
patient_followup,normal,0.665,13,4,patient,24,0,0,,in_app
equipment_maintenance,low,0.199,9,2,patient,48,0,1,656,email
message_received,low,0.175,0,0,admin,24,1,0,,email
system_update,low,0.213,5,4,admin,24,1,1,1237,email
shift_change,low,0.384,1,1,patient,48,1,1,1373,both
shift_change,low,0.177,13,5,admin,24,0,1,671,email
patient_followup,normal,0.547,16,4,admin,48,1,1,155,in_app
patient_followup,normal,0.481,11,2,doctor,72,0,1,587,in_app
appointment_pending,high,0.839,17,0,admin,168,1,1,549,email
low_stock_warning,high,0.859,19,0,patient,168,1,0,,in_app
patient_followup,normal,0.47,11,1,admin,168,1,1,408,email
system_update,low,0.145,14,3,patient,24,0,1,342,email
message_received,low,0.137,19,1,patient,72,0,1,355,both
appointment_confirmed,low,0.143,16,3,patient,48,1,1,799,email
shift_change,low,0.185,17,3,doctor,48,1,0,,in_app
lab_results,low,0.176,6,6,patient,168,1,1,839,email
low_stock_warning,high,0.742,9,4,admin,72,1,1,759,email
low_stock_critical,urgent,0.996,20,6,patient,2,1,1,23,in_app
lab_results,low,0.236,7,5,patient,48,0,1,1023,email
bed_occupancy_high,low,0.4,23,4,admin,168,0,1,1427,email
message_received,low,0.239,3,0,patient,168,0,0,,email
message_received,low,0.228,1,1,admin,168,1,0,,email
shift_change,low,0.146,9,6,admin,48,0,1,809,email
lab_results,low,0.327,13,3,patient,72,1,0,,in_app
system_update,low,0.181,9,5,patient,168,1,1,345,both
emergency_alert,urgent,0.941,18,3,admin,0.5,1,1,876,in_app
appointment_cancelled,low,0.178,0,6,patient,72,0,1,840,both
shift_change,low,0.176,8,0,admin,72,0,1,1317,email
message_received,low,0.383,2,5,admin,24,0,1,765,in_app
lab_results,low,0.301,4,3,patient,24,1,0,,both
patient_followup,normal,0.612,0,6,doctor,168,1,1,1247,in_app
patient_followup,normal,0.502,7,4,admin,24,0,1,950,both
appointment_cancelled,low,0.161,21,3,doctor,24,0,1,468,in_app
appointment_pending,high,0.821,22,6,admin,72,1,0,,in_app
appointment_cancelled,low,0.37,0,6,patient,24,0,0,,email
appointment_pending,high,0.764,13,4,doctor,48,1,1,1315,email
equipment_maintenance,low,0.135,13,0,patient,72,0,1,1197,email
system_update,low,0.362,6,4,admin,24,0,1,154,email
message_received,low,0.15,4,0,patient,24,0,1,867,email
patient_followup,normal,0.636,12,5,doctor,168,1,0,,both
appointment_pending,high,0.741,14,1,doctor,24,1,1,618,email
bed_occupancy_high,low,0.126,0,1,doctor,168,0,1,1322,in_app
lab_results,low,0.124,13,2,admin,72,0,0,,email
equipment_maintenance,low,0.266,18,4,doctor,48,0,1,117,both
appointment_pending,high,0.88,10,1,admin,24,1,0,,both
patient_followup,normal,0.507,14,6,patient,72,1,1,116,email
low_stock_critical,urgent,0.946,21,4,admin,2,1,1,1063,in_app
patient_followup,normal,0.457,14,0,admin,24,0,1,1104,in_app
appointment_confirmed,low,0.16,0,4,doctor,24,0,0,,both
shift_change,low,0.336,4,6,admin,24,0,1,670,in_app
patient_followup,normal,0.458,17,3,admin,72,1,1,788,both
low_stock_warning,high,0.82,3,6,doctor,72,1,0,,both
appointment_reminder,normal,0.549,23,2,admin,2,0,0,,both
appointment_pending,high,0.796,18,2,admin,72,1,1,476,in_app
low_stock_critical,urgent,0.97,12,1,admin,2,1,1,170,email
system_update,low,0.17,17,3,doctor,48,0,1,1268,both
low_stock_critical,urgent,0.947,13,4,patient,2,1,1,1421,email
emergency_alert,urgent,0.969,6,3,patient,0.5,1,1,743,email
patient_followup,normal,0.41,16,6,patient,72,0,1,1349,email
low_stock_critical,urgent,0.994,4,0,admin,2,1,1,1311,both
low_stock_warning,high,0.81,16,3,patient,168,1,0,,both
appointment_reminder,normal,0.499,3,0,patient,1,1,0,,in_app
shift_change,low,0.213,23,6,admin,72,1,1,322,in_app
low_stock_critical,urgent,0.932,17,1,doctor,2,1,1,1133,both
appointment_reminder,normal,0.467,22,4,doctor,2,1,1,917,both
patient_followup,normal,0.519,5,3,doctor,24,1,1,934,in_app
low_stock_critical,urgent,0.908,0,4,patient,2,1,1,1340,both
appointment_cancelled,low,0.128,12,0,patient,24,0,1,896,email
shift_change,low,0.171,18,4,admin,48,1,0,,email
emergency_alert,urgent,0.97,7,3,patient,0.5,1,0,,in_app
appointment_confirmed,low,0.243,18,5,admin,24,1,0,,both
appointment_cancelled,low,0.153,14,1,admin,168,1,1,1001,both
shift_change,low,0.278,3,4,patient,48,0,1,1353,in_app
low_stock_warning,high,0.842,0,4,admin,168,1,1,895,both
appointment_cancelled,low,0.142,7,6,admin,168,0,0,,both
message_received,low,0.393,23,3,admin,168,1,1,919,both
bed_occupancy_high,low,0.163,13,1,admin,24,0,0,,in_app
appointment_reminder,normal,0.467,5,6,admin,8,0,1,1390,email
appointment_reminder,normal,0.693,19,6,admin,2,0,0,,in_app
emergency_alert,urgent,0.911,7,3,admin,0.5,1,1,414,both
appointment_confirmed,low,0.177,17,4,patient,72,0,1,1195,email
message_received,low,0.335,2,5,admin,72,0,0,,email
patient_followup,normal,0.445,18,3,doctor,24,1,1,156,in_app
message_received,low,0.166,21,6,patient,24,1,0,,in_app
low_stock_warning,high,0.758,12,2,patient,48,1,0,,in_app
low_stock_critical,urgent,0.923,21,6,patient,2,1,1,1148,in_app
message_received,low,0.14,6,5,doctor,168,0,0,,in_app
appointment_cancelled,low,0.252,16,0,patient,48,0,1,684,in_app
appointment_pending,high,0.853,21,0,doctor,168,1,1,1179,both
appointment_confirmed,low,0.185,20,1,doctor,24,0,1,57,email
appointment_confirmed,low,0.302,4,0,doctor,168,0,1,846,in_app
low_stock_warning,high,0.808,1,3,doctor,168,1,0,,email
shift_change,low,0.225,6,4,patient,168,0,0,,both
low_stock_warning,high,0.72,20,1,patient,24,1,1,1257,both
appointment_pending,high,0.884,3,3,admin,48,1,1,1181,both
emergency_alert,urgent,0.997,11,1,doctor,0.5,1,0,,both
appointment_reminder,normal,0.522,10,3,doctor,1,0,0,,in_app
bed_occupancy_high,low,0.388,14,2,admin,72,0,1,1389,in_app
low_stock_critical,urgent,0.998,7,5,admin,2,1,1,814,in_app
appointment_reminder,normal,0.588,0,2,patient,1,0,1,5,in_app
lab_results,low,0.202,22,4,patient,24,0,1,1143,in_app
bed_occupancy_high,low,0.226,8,6,admin,168,0,1,934,in_app
message_received,low,0.272,0,2,doctor,72,0,0,,both
appointment_cancelled,low,0.249,7,4,doctor,48,1,1,580,email
patient_followup,normal,0.587,18,0,patient,72,0,1,1008,email
low_stock_critical,urgent,0.953,2,4,doctor,2,1,1,767,email
appointment_pending,high,0.857,23,0,admin,24,1,0,,both
shift_change,low,0.277,17,4,patient,72,0,1,1173,both
low_stock_warning,high,0.875,3,5,admin,168,1,1,464,both
emergency_alert,urgent,0.952,11,1,admin,0.5,1,1,1029,in_app
shift_change,low,0.148,21,4,admin,48,0,1,1357,in_app
shift_change,low,0.145,4,2,patient,24,0,0,,both
message_received,low,0.109,16,4,patient,48,0,1,1424,both
equipment_maintenance,low,0.366,17,1,doctor,48,1,1,1346,both
equipment_maintenance,low,0.325,21,4,doctor,24,1,0,,in_app
shift_change,low,0.238,4,0,doctor,24,0,1,804,email
lab_results,low,0.181,16,3,admin,48,0,1,467,both
system_update,low,0.392,9,2,admin,168,0,0,,email
low_stock_warning,high,0.774,19,5,admin,168,1,1,171,email
system_update,low,0.285,0,2,patient,72,0,1,1332,email
appointment_pending,high,0.752,12,0,patient,24,1,1,1110,in_app
appointment_confirmed,low,0.128,7,1,patient,24,0,1,970,email
message_received,low,0.374,18,0,admin,168,1,0,,email
appointment_cancelled,low,0.24,13,0,patient,168,1,1,721,email
emergency_alert,urgent,0.984,1,5,doctor,0.5,1,0,,in_app
low_stock_critical,urgent,0.992,17,6,patient,2,1,0,,email
low_stock_critical,urgent,0.98,3,5,patient,2,1,1,988,in_app
lab_results,low,0.148,8,6,admin,24,0,1,886,email
system_update,low,0.149,19,3,patient,72,0,1,318,both
low_stock_critical,urgent,0.97,15,2,doctor,2,1,1,449,in_app
equipment_maintenance,low,0.274,11,4,admin,48,0,0,,in_app
system_update,low,0.26,6,4,admin,168,0,1,518,email
system_update,low,0.269,11,3,patient,48,0,1,373,email
bed_occupancy_high,low,0.242,16,0,doctor,72,0,1,907,both
appointment_confirmed,low,0.197,6,0,doctor,72,0,0,,email
appointment_cancelled,low,0.306,3,1,doctor,24,1,0,,both
lab_results,low,0.24,8,2,doctor,48,0,0,,both
equipment_maintenance,low,0.276,12,4,doctor,168,0,0,,both
lab_results,low,0.161,7,5,doctor,48,0,1,430,email
appointment_reminder,normal,0.683,2,2,admin,8,0,1,1404,both
shift_change,low,0.297,14,3,patient,24,0,0,,email
lab_results,low,0.285,11,5,doctor,24,0,0,,email
equipment_maintenance,low,0.375,9,0,admin,72,0,1,292,email
message_received,low,0.355,0,2,doctor,48,0,0,,in_app
appointment_cancelled,low,0.276,14,3,admin,168,0,1,121,email
appointment_cancelled,low,0.229,3,4,patient,72,0,0,,in_app
message_received,low,0.123,12,4,patient,72,0,1,1310,email
low_stock_critical,urgent,0.917,20,1,patient,2,1,1,205,both
system_update,low,0.194,0,2,doctor,72,0,0,,email
message_received,low,0.245,17,4,patient,48,1,0,,both
bed_occupancy_high,low,0.107,20,1,patient,72,1,1,505,email
message_received,low,0.331,8,0,doctor,168,0,0,,in_app
equipment_maintenance,low,0.148,2,5,doctor,48,1,0,,both
bed_occupancy_high,low,0.372,17,3,doctor,72,0,0,,both
low_stock_warning,high,0.896,17,6,doctor,24,1,1,311,in_app
low_stock_warning,high,0.868,6,1,admin,24,1,1,994,in_app
appointment_confirmed,low,0.239,14,6,patient,48,0,1,1238,email
appointment_pending,high,0.836,15,4,admin,168,1,0,,email
low_stock_critical,urgent,0.908,16,6,admin,2,1,1,672,in_app
emergency_alert,urgent,0.901,10,4,patient,0.5,1,1,1308,email
appointment_pending,high,0.877,3,3,admin,168,1,1,1297,email
patient_followup,normal,0.672,17,6,admin,72,0,1,74,both
shift_change,low,0.261,6,1,doctor,72,0,1,1113,both
appointment_pending,high,0.869,4,1,patient,24,1,1,179,in_app
patient_followup,normal,0.681,5,1,patient,24,1,0,,email
lab_results,low,0.237,22,3,admin,48,1,1,1112,both
patient_followup,normal,0.482,9,2,patient,24,0,1,1000,both
appointment_confirmed,low,0.303,6,4,admin,48,0,1,215,both
appointment_confirmed,low,0.343,19,3,patient,168,0,1,576,both
patient_followup,normal,0.698,23,6,doctor,48,0,1,505,both
system_update,low,0.15,5,4,admin,168,0,1,1390,both
equipment_maintenance,low,0.246,15,3,patient,24,0,1,370,both
low_stock_critical,urgent,0.983,1,3,admin,2,1,1,435,email
patient_followup,normal,0.416,2,5,doctor,72,0,1,793,in_app
emergency_alert,urgent,0.989,0,0,doctor,0.5,1,1,770,in_app
appointment_cancelled,low,0.319,2,2,patient,24,1,0,,both
shift_change,low,0.234,13,5,patient,24,0,1,248,both
lab_results,low,0.272,8,6,patient,48,0,1,1380,in_app
appointment_confirmed,low,0.31,17,2,admin,24,0,0,,in_app
low_stock_critical,urgent,0.965,20,6,admin,2,1,1,1320,both
appointment_reminder,normal,0.421,18,3,patient,4,0,0,,both
emergency_alert,urgent,0.923,9,5,patient,0.5,1,1,972,in_app
appointment_reminder,normal,0.416,19,4,doctor,4,0,0,,both
appointment_reminder,normal,0.609,3,3,doctor,24,1,1,858,both
low_stock_warning,high,0.849,11,2,admin,72,1,1,819,email
bed_occupancy_high,low,0.326,16,0,patient,72,0,0,,email
shift_change,low,0.235,5,0,admin,168,0,1,1160,in_app
lab_results,low,0.317,5,1,patient,72,1,1,985,email
low_stock_warning,high,0.832,13,0,admin,48,1,1,499,in_app
shift_change,low,0.318,14,3,doctor,168,0,1,517,in_app
appointment_confirmed,low,0.316,20,4,doctor,72,0,1,1326,email
lab_results,low,0.324,19,6,doctor,48,0,1,49,in_app
appointment_cancelled,low,0.116,8,6,patient,72,0,1,735,in_app
system_update,low,0.214,21,2,patient,48,0,0,,both
appointment_reminder,normal,0.697,6,5,patient,24,0,1,1288,both
message_received,low,0.131,7,3,patient,72,0,1,1317,email
appointment_reminder,normal,0.623,18,3,patient,1,0,1,113,both
equipment_maintenance,low,0.361,10,6,admin,48,0,1,934,email
bed_occupancy_high,low,0.348,15,3,patient,24,1,1,410,both
appointment_confirmed,low,0.307,12,1,patient,168,1,1,557,email
appointment_pending,high,0.716,6,3,admin,24,1,1,1221,both
bed_occupancy_high,low,0.149,11,3,patient,48,1,1,1131,both
patient_followup,normal,0.434,8,5,doctor,72,1,1,1382,in_app
appointment_cancelled,low,0.329,12,6,patient,24,1,0,,email
equipment_maintenance,low,0.126,21,3,doctor,168,1,0,,email
appointment_reminder,normal,0.602,8,5,admin,24,0,0,,in_app
bed_occupancy_high,low,0.144,6,6,patient,24,0,1,1243,both
appointment_reminder,normal,0.629,2,1,admin,8,0,1,87,email
equipment_maintenance,low,0.318,7,4,doctor,168,0,1,139,email
appointment_pending,high,0.778,14,6,admin,168,1,0,,both
message_received,low,0.244,23,1,doctor,24,0,0,,both
equipment_maintenance,low,0.346,21,2,admin,72,0,0,,in_app
appointment_pending,high,0.898,12,6,admin,24,1,0,,email
appointment_confirmed,low,0.125,11,0,doctor,48,1,0,,in_app
low_stock_warning,high,0.822,23,4,doctor,48,1,0,,in_app
equipment_maintenance,low,0.211,8,2,doctor,168,0,1,507,email
appointment_reminder,normal,0.571,17,0,doctor,2,0,1,1039,email
emergency_alert,urgent,0.949,16,1,doctor,0.5,1,1,926,both
appointment_cancelled,low,0.301,5,3,admin,24,1,1,309,email
equipment_maintenance,low,0.194,11,4,admin,168,1,0,,both
appointment_confirmed,low,0.196,19,1,admin,168,0,1,934,email
low_stock_critical,urgent,0.981,1,4,admin,2,1,1,418,both
equipment_maintenance,low,0.165,12,0,doctor,48,0,0,,email
lab_results,low,0.172,8,2,doctor,72,0,1,333,both
equipment_maintenance,low,0.182,4,2,doctor,168,0,1,1270,both
equipment_maintenance,low,0.275,20,5,patient,48,1,0,,both
appointment_cancelled,low,0.16,19,1,patient,168,0,1,369,both
emergency_alert,urgent,0.938,21,4,doctor,0.5,1,1,659,in_app
bed_occupancy_high,low,0.136,13,0,doctor,24,0,1,1078,email
low_stock_critical,urgent,0.935,3,0,admin,2,1,0,,email
low_stock_critical,urgent,0.98,17,0,patient,2,1,1,1380,both
shift_change,low,0.22,1,3,doctor,24,0,1,1401,email
equipment_maintenance,low,0.156,21,6,admin,24,1,1,37,email
emergency_alert,urgent,0.921,23,6,admin,0.5,1,1,871,in_app
emergency_alert,urgent,0.99,19,4,doctor,0.5,1,1,500,email
lab_results,low,0.104,22,0,patient,168,0,1,346,in_app
lab_results,low,0.215,3,6,patient,24,0,1,1257,email
low_stock_critical,urgent,0.954,2,3,admin,2,1,0,,email
appointment_cancelled,low,0.16,3,2,patient,168,0,0,,email
patient_followup,normal,0.545,14,0,admin,24,0,0,,email
low_stock_critical,urgent,0.901,21,2,admin,2,1,1,924,both
lab_results,low,0.296,0,0,patient,48,1,1,540,in_app
low_stock_critical,urgent,0.926,11,5,admin,2,1,1,528,both
appointment_cancelled,low,0.163,21,6,admin,24,0,1,408,in_app
low_stock_critical,urgent,0.964,16,5,admin,2,1,0,,in_app
appointment_pending,high,0.715,12,5,admin,48,1,1,866,both
lab_results,low,0.347,0,2,patient,168,0,0,,both
message_received,low,0.282,7,0,admin,24,0,1,912,both
patient_followup,normal,0.618,0,6,doctor,168,0,1,985,email
appointment_pending,high,0.828,6,2,patient,48,1,0,,both
system_update,low,0.189,14,4,admin,168,1,1,1391,both
appointment_reminder,normal,0.622,6,1,admin,8,1,0,,both
low_stock_critical,urgent,0.902,0,3,admin,2,1,0,,both
low_stock_critical,urgent,0.98,3,6,doctor,2,1,0,,both
shift_change,low,0.326,15,4,doctor,72,0,1,924,in_app
bed_occupancy_high,low,0.366,5,2,admin,48,0,0,,in_app
system_update,low,0.36,13,6,doctor,48,0,1,383,email
lab_results,low,0.383,19,1,admin,168,1,1,951,in_app
lab_results,low,0.104,9,5,doctor,168,0,0,,in_app
system_update,low,0.171,5,4,admin,72,0,1,1179,email
equipment_maintenance,low,0.376,17,4,doctor,168,0,1,727,both
patient_followup,normal,0.628,21,0,admin,168,0,0,,in_app
appointment_cancelled,low,0.335,18,1,doctor,72,1,0,,in_app
patient_followup,normal,0.461,9,5,admin,48,0,1,472,in_app
shift_change,low,0.32,1,2,patient,48,1,1,3,in_app
lab_results,low,0.101,6,5,patient,72,1,1,375,in_app
system_update,low,0.146,14,2,patient,24,0,0,,both
appointment_pending,high,0.898,2,4,doctor,24,1,1,457,both
system_update,low,0.173,3,2,doctor,168,0,1,1011,in_app
low_stock_critical,urgent,0.962,7,2,admin,2,1,1,848,in_app
appointment_reminder,normal,0.576,1,5,doctor,8,1,1,1300,in_app
equipment_maintenance,low,0.282,21,1,doctor,168,0,1,530,in_app
appointment_pending,high,0.755,18,0,admin,24,1,1,743,email
lab_results,low,0.339,9,0,admin,48,1,1,60,both
patient_followup,normal,0.61,17,3,admin,72,1,1,754,in_app
emergency_alert,urgent,0.951,14,0,patient,0.5,1,0,,in_app
patient_followup,normal,0.638,9,0,doctor,72,1,1,1028,both
patient_followup,normal,0.421,10,1,admin,24,1,1,1315,email
patient_followup,normal,0.613,22,2,doctor,72,1,1,831,email
message_received,low,0.361,1,1,admin,48,1,1,31,email
emergency_alert,urgent,0.967,1,5,patient,0.5,1,1,573,in_app
system_update,low,0.356,7,5,admin,72,0,0,,email
lab_results,low,0.114,17,5,patient,168,0,0,,email
appointment_pending,high,0.894,21,5,admin,48,1,0,,email
bed_occupancy_high,low,0.2,5,3,admin,168,0,1,1006,in_app
message_received,low,0.298,7,2,doctor,24,1,0,,both
patient_followup,normal,0.678,9,3,doctor,48,0,0,,both
low_stock_warning,high,0.72,8,3,doctor,48,1,0,,in_app
bed_occupancy_high,low,0.186,22,4,doctor,72,0,1,6,both
equipment_maintenance,low,0.283,9,0,patient,24,1,0,,both
patient_followup,normal,0.416,14,5,admin,168,0,0,,email
patient_followup,normal,0.443,1,6,admin,48,0,1,1379,email
lab_results,low,0.288,19,6,admin,24,0,1,1097,in_app
low_stock_warning,high,0.808,16,2,doctor,72,1,1,674,email
appointment_confirmed,low,0.154,22,0,admin,48,0,1,122,both
appointment_confirmed,low,0.267,7,6,doctor,24,0,1,1279,in_app
emergency_alert,urgent,0.941,2,4,doctor,0.5,1,1,294,in_app
system_update,low,0.222,21,4,doctor,72,0,1,844,both
low_stock_warning,high,0.779,21,4,patient,168,1,1,1314,both
patient_followup,normal,0.577,11,2,admin,168,0,1,165,both
equipment_maintenance,low,0.185,22,1,patient,24,0,1,38,in_app
appointment_pending,high,0.807,15,5,doctor,168,1,1,313,both
bed_occupancy_high,low,0.164,14,5,patient,168,0,1,480,email
shift_change,low,0.167,23,4,admin,72,1,1,803,both
shift_change,low,0.262,5,5,doctor,24,0,1,1203,email
emergency_alert,urgent,0.918,19,3,doctor,0.5,1,0,,in_app
system_update,low,0.203,4,2,patient,24,0,0,,in_app
low_stock_warning,high,0.717,21,5,admin,48,1,1,1067,in_app
low_stock_critical,urgent,0.934,8,6,patient,2,1,1,515,in_app
low_stock_warning,high,0.887,6,4,admin,72,1,0,,both
bed_occupancy_high,low,0.37,21,4,admin,48,1,1,123,both
system_update,low,0.278,2,2,patient,48,1,1,385,email
appointment_cancelled,low,0.206,16,1,doctor,48,1,0,,email
shift_change,low,0.122,23,5,doctor,168,1,0,,both
appointment_confirmed,low,0.293,15,6,admin,48,1,1,374,in_app
equipment_maintenance,low,0.276,20,3,patient,48,1,1,1384,in_app
appointment_reminder,normal,0.486,11,1,doctor,24,1,0,,in_app
system_update,low,0.136,15,6,admin,48,1,1,1102,in_app
appointment_cancelled,low,0.11,14,6,admin,72,1,1,720,in_app
system_update,low,0.326,19,6,admin,168,0,1,1071,both
appointment_cancelled,low,0.392,11,5,doctor,24,0,1,866,email
low_stock_warning,high,0.827,21,3,patient,72,1,0,,email
bed_occupancy_high,low,0.102,18,3,admin,168,0,1,467,both
shift_change,low,0.346,23,3,patient,48,0,1,138,email
appointment_confirmed,low,0.309,2,6,admin,168,1,1,592,in_app
appointment_pending,high,0.718,7,0,patient,48,1,1,107,email
emergency_alert,urgent,0.931,9,2,patient,0.5,1,1,420,both
emergency_alert,urgent,0.984,20,4,doctor,0.5,1,1,971,both
emergency_alert,urgent,0.924,2,0,patient,0.5,1,0,,email
lab_results,low,0.221,19,0,patient,72,0,0,,email
equipment_maintenance,low,0.229,1,6,admin,72,0,1,61,email
equipment_maintenance,low,0.353,14,3,doctor,24,0,1,785,in_app
bed_occupancy_high,low,0.203,0,0,patient,48,0,1,712,email
appointment_reminder,normal,0.658,17,4,admin,4,1,1,544,in_app
appointment_pending,high,0.868,16,4,patient,72,1,1,503,both
low_stock_critical,urgent,0.939,10,1,doctor,2,1,0,,both
system_update,low,0.215,1,6,doctor,24,0,1,1231,in_app
low_stock_warning,high,0.839,6,4,admin,24,1,1,221,in_app
low_stock_critical,urgent,0.974,19,5,doctor,2,1,0,,email
appointment_confirmed,low,0.301,8,0,patient,168,0,1,1352,in_app
equipment_maintenance,low,0.168,7,6,admin,48,1,0,,in_app
lab_results,low,0.184,3,0,admin,48,0,1,1137,in_app
lab_results,low,0.281,16,6,patient,168,0,0,,both
appointment_pending,high,0.883,21,3,doctor,72,1,1,1288,email
shift_change,low,0.284,3,0,admin,24,0,1,1065,in_app
shift_change,low,0.289,6,4,admin,48,1,0,,email
low_stock_critical,urgent,0.998,21,3,doctor,2,1,1,683,both
appointment_cancelled,low,0.108,20,2,patient,24,0,1,1290,email
appointment_cancelled,low,0.285,1,3,doctor,72,0,1,998,email
patient_followup,normal,0.437,16,3,patient,24,1,1,1030,email
appointment_cancelled,low,0.218,0,0,admin,168,0,0,,both
lab_results,low,0.206,17,3,patient,72,0,1,1201,in_app
bed_occupancy_high,low,0.344,14,6,doctor,24,0,1,1162,both
equipment_maintenance,low,0.101,11,0,patient,24,1,1,1328,in_app
patient_followup,normal,0.426,17,0,admin,48,1,1,13,email
emergency_alert,urgent,0.937,17,1,admin,0.5,1,1,1110,email
shift_change,low,0.336,17,2,doctor,72,0,1,565,in_app
emergency_alert,urgent,0.93,14,4,doctor,0.5,1,1,201,both
emergency_alert,urgent,0.978,6,1,doctor,0.5,1,1,1048,in_app
emergency_alert,urgent,0.936,12,4,patient,0.5,1,1,1321,email
appointment_cancelled,low,0.318,8,5,patient,48,0,1,534,in_app
low_stock_critical,urgent,0.902,18,4,patient,2,1,1,1383,both
appointment_reminder,normal,0.679,2,4,doctor,24,0,1,1148,in_app
emergency_alert,urgent,0.973,23,4,admin,0.5,1,1,573,email
system_update,low,0.314,11,3,doctor,48,0,1,646,both
appointment_confirmed,low,0.267,5,1,admin,72,0,1,455,both
message_received,low,0.148,20,4,doctor,24,0,0,,email
appointment_cancelled,low,0.113,3,5,admin,168,1,1,67,in_app
emergency_alert,urgent,0.985,20,2,doctor,0.5,1,0,,email
low_stock_warning,high,0.752,2,6,admin,48,1,0,,in_app
system_update,low,0.364,0,1,patient,72,0,1,747,email
equipment_maintenance,low,0.354,6,4,doctor,168,0,0,,in_app
patient_followup,normal,0.413,11,2,admin,168,0,1,768,both
lab_results,low,0.328,3,2,doctor,48,0,0,,email
lab_results,low,0.281,10,3,doctor,24,0,1,30,in_app
bed_occupancy_high,low,0.285,22,3,doctor,48,1,0,,in_app
appointment_confirmed,low,0.155,11,5,admin,168,0,1,1111,in_app
appointment_confirmed,low,0.183,17,2,patient,168,0,1,35,both
appointment_confirmed,low,0.185,17,6,patient,24,0,0,,in_app
low_stock_critical,urgent,0.946,10,4,admin,2,1,1,950,in_app
appointment_confirmed,low,0.154,6,0,admin,24,0,1,504,email
low_stock_warning,high,0.856,1,6,admin,48,1,1,518,in_app
system_update,low,0.183,3,3,patient,168,1,1,1361,both
bed_occupancy_high,low,0.368,1,4,admin,48,0,1,1271,email
patient_followup,normal,0.406,10,0,patient,24,0,0,,both
appointment_confirmed,low,0.33,18,6,admin,48,0,1,342,in_app
system_update,low,0.206,12,0,admin,72,0,0,,email
equipment_maintenance,low,0.314,19,4,admin,72,0,1,613,both
appointment_reminder,normal,0.698,0,6,admin,2,1,1,91,email
message_received,low,0.283,15,2,patient,168,0,0,,both
appointment_reminder,normal,0.46,19,1,admin,24,0,1,36,both
low_stock_warning,high,0.793,15,0,doctor,24,1,1,735,email
lab_results,low,0.138,12,2,patient,48,1,1,1142,in_app
emergency_alert,urgent,0.973,3,1,doctor,0.5,1,1,326,in_app
message_received,low,0.312,2,4,admin,168,0,0,,both
low_stock_warning,high,0.754,21,2,doctor,24,1,1,843,in_app
appointment_pending,high,0.749,15,0,patient,24,1,1,1241,email
patient_followup,normal,0.437,10,1,admin,24,0,1,1281,email
appointment_pending,high,0.888,18,1,patient,24,1,0,,both
bed_occupancy_high,low,0.195,11,2,patient,72,1,0,,both
shift_change,low,0.139,10,6,patient,168,0,1,1299,in_app
equipment_maintenance,low,0.118,5,2,admin,48,0,1,1364,in_app
appointment_cancelled,low,0.225,1,6,admin,48,1,0,,both
low_stock_warning,high,0.732,10,6,admin,24,1,0,,email
patient_followup,normal,0.646,10,6,admin,72,1,1,458,email
appointment_confirmed,low,0.265,1,1,admin,24,1,1,355,email
system_update,low,0.138,1,5,admin,72,0,0,,both
lab_results,low,0.346,19,3,admin,72,0,1,1363,email
shift_change,low,0.329,19,3,doctor,24,1,0,,email
appointment_cancelled,low,0.208,2,2,doctor,48,0,1,314,in_app
bed_occupancy_high,low,0.275,18,0,doctor,72,0,1,1162,email
appointment_confirmed,low,0.319,21,4,doctor,72,0,0,,email
low_stock_critical,urgent,0.986,9,5,patient,2,1,1,301,both
appointment_cancelled,low,0.297,9,0,doctor,168,1,1,1352,both
message_received,low,0.117,14,6,doctor,24,0,0,,both
lab_results,low,0.225,0,0,admin,24,1,1,389,email
bed_occupancy_high,low,0.358,14,3,admin,72,0,0,,in_app
low_stock_critical,urgent,0.992,19,6,patient,2,1,0,,email
low_stock_warning,high,0.79,11,0,doctor,72,1,1,1049,both
appointment_confirmed,low,0.211,10,6,patient,48,0,1,955,email
shift_change,low,0.359,21,0,doctor,48,1,1,1025,both
low_stock_warning,high,0.723,4,1,admin,24,1,1,961,both
appointment_pending,high,0.702,13,0,doctor,72,1,0,,in_app
appointment_cancelled,low,0.329,7,1,doctor,24,0,0,,email
system_update,low,0.276,3,3,admin,72,1,1,394,email
appointment_confirmed,low,0.191,22,4,admin,168,0,1,500,in_app
shift_change,low,0.115,8,4,admin,48,1,1,199,in_app
bed_occupancy_high,low,0.372,23,0,patient,72,0,1,108,in_app
appointment_confirmed,low,0.351,2,2,doctor,168,0,1,845,in_app
patient_followup,normal,0.56,13,2,admin,168,0,1,198,in_app
patient_followup,normal,0.41,1,1,patient,48,0,1,1190,email
appointment_cancelled,low,0.302,12,1,admin,72,0,1,604,email
low_stock_critical,urgent,0.984,2,2,patient,2,1,1,1066,in_app
appointment_cancelled,low,0.347,5,4,patient,24,1,1,138,both
appointment_reminder,normal,0.643,19,0,admin,24,1,1,1429,both
message_received,low,0.156,22,4,doctor,168,0,1,237,email
bed_occupancy_high,low,0.199,15,4,doctor,168,1,1,317,email
equipment_maintenance,low,0.322,22,5,doctor,72,0,0,,email
equipment_maintenance,low,0.384,9,1,doctor,168,0,1,1229,email
patient_followup,normal,0.444,2,1,patient,24,0,1,195,both
shift_change,low,0.251,11,2,doctor,72,0,1,388,email
low_stock_warning,high,0.789,1,6,patient,72,1,1,172,in_app
appointment_confirmed,low,0.229,1,2,admin,72,0,1,114,email
low_stock_critical,urgent,0.932,13,2,admin,2,1,0,,in_app
lab_results,low,0.258,1,1,doctor,48,0,1,314,email
equipment_maintenance,low,0.275,5,4,admin,168,1,0,,both
appointment_reminder,normal,0.436,19,2,patient,2,0,1,171,in_app
message_received,low,0.232,4,1,admin,168,0,1,522,email
emergency_alert,urgent,0.991,2,0,patient,0.5,1,1,971,both
low_stock_warning,high,0.748,5,1,patient,72,1,0,,in_app
emergency_alert,urgent,0.962,6,1,doctor,0.5,1,1,410,email
appointment_reminder,normal,0.656,19,3,admin,24,0,0,,email
appointment_pending,high,0.828,12,1,patient,168,1,0,,both
appointment_confirmed,low,0.157,17,3,patient,168,1,1,644,email
bed_occupancy_high,low,0.345,9,1,patient,72,0,1,800,in_app
lab_results,low,0.12,4,3,patient,72,0,1,817,in_app
equipment_maintenance,low,0.185,22,5,patient,24,0,0,,in_app
bed_occupancy_high,low,0.141,3,0,admin,24,0,1,208,email
appointment_reminder,normal,0.669,9,5,patient,24,1,1,962,email
patient_followup,normal,0.441,1,2,patient,168,1,0,,in_app
lab_results,low,0.385,15,6,doctor,24,0,1,256,both
low_stock_critical,urgent,0.992,16,0,doctor,2,1,1,1192,email
shift_change,low,0.247,15,3,admin,72,0,1,788,in_app
bed_occupancy_high,low,0.201,8,4,patient,72,0,1,545,email
low_stock_critical,urgent,0.973,1,2,patient,2,1,1,828,email
message_received,low,0.251,11,1,doctor,72,0,0,,in_app
equipment_maintenance,low,0.384,13,3,admin,168,0,1,703,email
message_received,low,0.309,8,0,admin,48,1,0,,both
appointment_confirmed,low,0.255,17,3,doctor,24,0,0,,both
shift_change,low,0.324,10,3,doctor,168,1,0,,both
bed_occupancy_high,low,0.325,16,6,doctor,48,0,1,484,email
appointment_cancelled,low,0.285,6,2,admin,168,1,1,680,in_app
system_update,low,0.155,6,3,doctor,48,1,1,826,in_app
appointment_confirmed,low,0.177,2,5,patient,72,1,1,530,in_app
low_stock_critical,urgent,0.931,20,6,admin,2,1,1,141,both
bed_occupancy_high,low,0.212,4,3,admin,48,0,1,377,in_app
bed_occupancy_high,low,0.36,3,0,doctor,48,0,1,708,both
emergency_alert,urgent,0.947,21,6,doctor,0.5,1,1,1106,in_app
appointment_cancelled,low,0.169,22,1,admin,72,0,0,,both
low_stock_warning,high,0.819,21,2,patient,48,1,0,,both
shift_change,low,0.217,16,2,doctor,168,0,1,145,both
patient_followup,normal,0.498,3,2,admin,168,0,0,,both
appointment_reminder,normal,0.542,21,2,admin,4,1,1,14,email
system_update,low,0.388,4,2,doctor,72,0,1,1214,in_app
appointment_pending,high,0.718,10,3,patient,168,1,1,738,in_app
patient_followup,normal,0.585,8,4,admin,72,0,1,554,email
appointment_cancelled,low,0.382,15,4,patient,48,0,0,,email
equipment_maintenance,low,0.189,23,0,patient,24,0,0,,email
appointment_reminder,normal,0.58,16,3,doctor,1,1,0,,both
low_stock_critical,urgent,0.934,14,5,doctor,2,1,1,331,in_app
bed_occupancy_high,low,0.295,9,1,admin,24,0,1,104,both
message_received,low,0.198,20,4,admin,72,0,0,,in_app
shift_change,low,0.389,4,0,patient,72,1,1,866,in_app
patient_followup,normal,0.676,3,6,patient,168,1,1,517,email
lab_results,low,0.24,1,0,doctor,24,0,1,107,email
appointment_pending,high,0.712,6,3,patient,24,1,1,777,in_app
lab_results,low,0.257,23,4,patient,168,0,1,129,both
appointment_pending,high,0.786,13,2,patient,168,1,1,114,email
low_stock_warning,high,0.736,22,2,patient,24,1,0,,email
appointment_confirmed,low,0.261,5,2,admin,72,0,0,,in_app
patient_followup,normal,0.643,21,1,doctor,24,0,0,,email
appointment_reminder,normal,0.546,0,5,patient,8,0,0,,email
system_update,low,0.205,13,4,doctor,168,0,0,,both
appointment_cancelled,low,0.202,10,6,admin,48,0,0,,email
lab_results,low,0.222,10,2,admin,24,0,0,,both
lab_results,low,0.182,14,3,admin,72,0,0,,both
low_stock_critical,urgent,0.934,22,4,doctor,2,1,0,,both
shift_change,low,0.138,15,2,admin,48,1,1,1350,in_app
patient_followup,normal,0.486,22,1,patient,48,1,1,48,email
appointment_cancelled,low,0.284,12,6,patient,168,1,1,730,both
appointment_confirmed,low,0.283,12,5,patient,48,0,0,,both
appointment_pending,high,0.797,7,1,admin,168,1,1,446,both
patient_followup,normal,0.431,8,4,doctor,24,0,0,,email
appointment_confirmed,low,0.197,5,6,patient,72,0,0,,in_app
appointment_cancelled,low,0.29,9,3,admin,168,0,1,221,in_app
patient_followup,normal,0.482,10,2,doctor,24,0,0,,both
appointment_pending,high,0.825,19,6,admin,168,1,0,,email
patient_followup,normal,0.477,18,5,doctor,48,0,1,14,email
equipment_maintenance,low,0.369,5,1,admin,48,1,1,149,email
patient_followup,normal,0.694,13,2,patient,168,1,1,231,in_app
appointment_reminder,normal,0.478,4,1,doctor,1,1,0,,in_app
low_stock_critical,urgent,0.987,19,5,doctor,2,1,1,632,in_app
appointment_confirmed,low,0.29,4,2,doctor,168,1,0,,both
low_stock_warning,high,0.749,0,2,doctor,24,1,0,,both
low_stock_critical,urgent,0.972,16,3,admin,2,1,1,103,email
emergency_alert,urgent,0.904,7,2,admin,0.5,1,1,75,in_app
low_stock_critical,urgent,0.923,14,1,doctor,2,1,0,,email
lab_results,low,0.151,3,4,admin,48,0,1,244,in_app
lab_results,low,0.393,18,3,patient,24,0,1,683,in_app
low_stock_warning,high,0.726,9,6,admin,48,1,1,319,both
appointment_confirmed,low,0.115,10,3,patient,48,0,1,345,email
low_stock_warning,high,0.889,12,4,patient,168,1,0,,email
appointment_confirmed,low,0.206,17,2,admin,24,0,1,428,both
system_update,low,0.236,23,4,patient,168,0,1,34,both
shift_change,low,0.237,9,0,doctor,168,0,1,459,in_app
bed_occupancy_high,low,0.271,19,1,doctor,72,1,0,,in_app
low_stock_critical,urgent,0.906,5,0,patient,2,1,1,198,in_app
message_received,low,0.259,8,3,admin,24,0,1,1204,in_app
appointment_pending,high,0.805,2,1,patient,48,1,1,592,both
appointment_cancelled,low,0.197,6,6,patient,48,1,0,,both
system_update,low,0.373,3,0,doctor,24,0,1,1139,both
appointment_confirmed,low,0.295,0,1,doctor,24,1,0,,email
appointment_reminder,normal,0.61,7,4,admin,8,0,0,,both
appointment_reminder,normal,0.411,13,4,patient,2,0,1,221,both
appointment_cancelled,low,0.371,2,4,admin,24,1,0,,email
low_stock_warning,high,0.763,2,4,admin,24,1,1,854,email
emergency_alert,urgent,0.908,9,5,admin,0.5,1,1,754,email
emergency_alert,urgent,0.953,10,3,admin,0.5,1,0,,in_app
low_stock_warning,high,0.768,7,0,patient,48,1,0,,in_app
low_stock_warning,high,0.821,18,1,admin,48,1,0,,both
lab_results,low,0.183,12,1,admin,168,1,1,879,email
message_received,low,0.369,14,0,patient,48,0,0,,in_app
equipment_maintenance,low,0.357,21,3,admin,48,1,1,1437,email
appointment_reminder,normal,0.486,7,3,admin,1,0,1,339,email
message_received,low,0.103,21,2,patient,72,0,1,1374,email
bed_occupancy_high,low,0.248,11,0,patient,168,0,1,642,in_app
lab_results,low,0.161,3,1,doctor,168,1,1,892,in_app
low_stock_warning,high,0.701,18,1,patient,24,1,1,1264,in_app
appointment_pending,high,0.751,17,1,admin,24,1,0,,in_app
appointment_cancelled,low,0.167,21,4,admin,72,0,1,616,email
appointment_pending,high,0.859,0,4,doctor,24,1,1,641,both
appointment_reminder,normal,0.632,23,2,admin,4,0,1,833,email
low_stock_warning,high,0.774,13,6,doctor,72,1,0,,both
lab_results,low,0.17,4,5,admin,24,0,1,1077,email
lab_results,low,0.374,21,1,doctor,72,0,1,85,both
message_received,low,0.285,5,6,patient,48,0,0,,both
shift_change,low,0.109,8,2,admin,24,0,0,,email
bed_occupancy_high,low,0.38,16,4,patient,168,0,0,,both
bed_occupancy_high,low,0.213,8,4,admin,72,0,1,314,in_app
message_received,low,0.222,12,4,patient,48,0,1,1155,email
message_received,low,0.352,18,1,patient,72,0,1,385,email
appointment_cancelled,low,0.367,4,6,patient,48,1,0,,both
bed_occupancy_high,low,0.306,1,2,patient,168,1,0,,email
low_stock_critical,urgent,1.0,16,0,admin,2,1,0,,email
low_stock_warning,high,0.772,9,3,doctor,48,1,1,1005,in_app
equipment_maintenance,low,0.309,21,4,patient,72,1,1,117,in_app
system_update,low,0.15,21,1,patient,168,0,1,905,both
message_received,low,0.12,12,5,admin,48,0,1,273,in_app
lab_results,low,0.336,22,0,doctor,72,1,0,,in_app
appointment_cancelled,low,0.14,7,5,admin,24,1,1,736,email
