day_of_week,hour,month,ward,total_beds,occupied_beds,free_beds,occupancy_rate,avg_stay_days,admissions_today,discharges_today,needs_reallocation,urgency_level
5,3,1,Secția Pediatrie,25,14,11,0.583,9.8,8,0,0,0
4,13,1,Secția ATI,15,15,0,1.0,3.8,8,4,1,3
0,17,4,Secția Ortopedie,24,13,11,0.558,12.3,2,5,0,0
3,10,5,Secția Medicină Internă,23,14,9,0.63,13.4,5,0,0,0
0,12,2,Secția Neurologie,32,20,12,0.627,10.5,8,0,0,0
3,2,9,Secția Pediatrie,50,20,30,0.418,9.0,5,4,0,0
1,22,2,Secția ATI,24,22,2,0.95,12.1,1,3,1,3
2,14,11,Secția Neurologie,20,7,13,0.355,5.8,3,5,0,0
2,22,11,Secția Chirurgie,48,26,22,0.552,4.2,7,3,0,0
2,20,12,Secția Cardiologie,30,16,14,0.539,12.0,0,1,0,0
6,1,6,Secția Ortopedie,27,17,10,0.643,8.4,5,1,0,0
5,15,7,Secția Ginecologie,19,10,9,0.557,4.4,3,5,0,0
4,17,5,Secția Ortopedie,47,22,25,0.482,14.0,8,3,0,0
0,1,2,Secția Medicină Internă,50,39,11,0.8,3.1,6,4,0,1
0,12,7,Secția Ginecologie,43,27,16,0.649,13.3,1,5,0,0
4,8,11,Secția Neurologie,17,13,4,0.802,4.8,2,3,1,1
0,23,12,Secția Pediatrie,42,31,11,0.761,2.4,4,6,0,1
5,16,10,Secția Cardiologie,19,6,13,0.358,5.9,2,4,0,0
6,16,1,Secția Neurologie,41,35,6,0.874,12.4,4,1,1,2
0,7,10,Secția Chirurgie,15,10,5,0.684,10.5,1,6,0,0
4,4,3,Secția Ginecologie,45,28,17,0.625,8.9,3,4,0,0
6,23,12,Secția Cardiologie,29,19,10,0.677,6.2,5,3,0,0
4,14,2,Secția Cardiologie,24,17,7,0.723,8.2,3,0,0,0
0,22,11,Secția ATI,24,21,3,0.91,1.9,0,6,1,2
2,2,9,Secția Cardiologie,27,13,14,0.509,2.7,7,1,0,0
6,15,7,Secția Cardiologie,16,6,10,0.377,2.3,6,2,0,0
3,13,8,Secția ATI,16,14,2,0.88,11.4,1,1,1,2
1,6,9,Secția Ginecologie,18,12,6,0.722,6.5,4,3,0,0
1,2,8,Secția Chirurgie,13,6,7,0.514,1.2,1,6,0,0
6,7,3,Secția Ortopedie,41,13,28,0.328,7.3,6,0,0,0
1,12,1,Secția Ortopedie,26,25,1,0.988,4.7,8,5,1,3
5,15,3,Secția Cardiologie,28,11,17,0.406,3.8,0,4,0,0
5,17,1,Secția Neurologie,13,8,5,0.68,13.0,8,1,0,0
0,16,2,Secția Medicină Internă,14,11,3,0.842,8.7,3,3,1,1
0,18,4,Secția ATI,49,46,3,0.953,8.3,5,2,1,3
1,21,12,Secția Neurologie,25,20,5,0.837,4.5,2,5,1,1
5,9,8,Secția Neurologie,14,7,7,0.567,8.3,1,0,0,0
4,6,9,Secția Pediatrie,18,10,8,0.56,13.1,1,1,0,0
2,9,3,Secția Ginecologie,44,22,22,0.502,13.8,8,0,0,0
5,17,5,Secția Chirurgie,18,5,13,0.292,4.4,1,5,0,0
4,4,5,Secția Pediatrie,48,27,21,0.577,9.9,4,4,0,0
3,8,1,Secția Chirurgie,50,37,13,0.757,6.5,4,0,0,1
0,10,3,Secția Pediatrie,20,13,7,0.692,6.6,0,0,0,0
0,22,3,Secția ATI,33,21,12,0.648,8.6,2,3,0,0
1,1,5,Secția Neurologie,12,8,4,0.716,4.2,1,2,0,0
6,17,7,Secția Medicină Internă,25,8,17,0.351,12.2,2,3,0,0
0,5,12,Secția Neurologie,36,29,7,0.827,11.5,4,1,1,1
6,22,2,Secția Ortopedie,12,3,9,0.323,12.2,3,1,0,0
6,14,6,Secția Pediatrie,24,11,13,0.48,6.2,4,6,0,0
0,8,6,Secția Ortopedie,44,34,10,0.774,5.3,0,0,0,1
2,5,10,Secția Pediatrie,12,7,5,0.65,10.5,5,3,0,0
4,16,2,Secția Ortopedie,46,35,11,0.781,3.5,0,5,0,1
3,0,9,Secția Cardiologie,33,9,24,0.284,13.0,5,5,0,0
6,3,12,Secția Pediatrie,42,28,14,0.672,5.0,6,2,0,0
3,22,5,Secția Medicină Internă,22,6,16,0.3,9.8,2,4,0,0
4,9,7,Secția ATI,29,22,7,0.787,4.7,6,6,0,1
4,19,11,Secția Neurologie,39,18,21,0.482,7.6,2,5,0,0
0,9,9,Secția Neurologie,15,10,5,0.714,11.6,3,5,0,0
2,7,4,Secția Medicină Internă,11,9,2,0.88,8.9,1,3,1,2
3,20,10,Secția Cardiologie,34,22,12,0.649,7.4,3,1,0,0
5,22,1,Secția Chirurgie,37,21,16,0.592,10.0,7,0,0,0
4,7,2,Secția Ginecologie,18,15,3,0.863,11.4,8,4,1,2
4,10,8,Secția Ortopedie,45,21,24,0.483,12.2,7,2,0,0
6,7,11,Secția Pediatrie,43,24,19,0.574,7.3,3,2,0,0
3,2,12,Secția Pediatrie,25,15,10,0.636,8.0,2,1,0,0
1,12,12,Secția Medicină Internă,23,20,3,0.904,1.8,6,2,1,2
4,14,7,Secția ATI,23,17,6,0.759,11.0,0,6,0,1
6,18,7,Secția Ginecologie,10,2,8,0.297,13.3,4,6,0,0
3,13,9,Secția Cardiologie,41,25,16,0.625,1.4,5,5,0,0
5,12,12,Secția Medicină Internă,39,28,11,0.726,13.0,8,0,0,0
3,18,10,Secția ATI,15,9,6,0.66,7.0,0,2,0,0
3,10,4,Secția Ginecologie,30,16,14,0.549,5.4,6,2,0,0
6,13,5,Secția Chirurgie,40,25,15,0.648,14.0,5,1,0,0
5,2,11,Secția ATI,11,7,4,0.718,13.3,3,6,0,0
0,19,3,Secția Cardiologie,18,10,8,0.592,13.3,7,5,0,0
2,11,3,Secția Chirurgie,20,12,8,0.61,13.5,1,4,0,0
0,9,10,Secția Ortopedie,35,25,10,0.724,8.7,3,0,0,0
5,9,11,Secția Chirurgie,46,23,23,0.521,11.2,5,4,0,0
3,21,6,Secția Chirurgie,42,20,22,0.489,6.5,7,0,0,0
3,11,11,Secția Ginecologie,19,13,6,0.685,6.7,8,5,0,0
2,19,9,Secția Ginecologie,39,14,25,0.371,4.5,3,6,0,0
0,8,8,Secția Cardiologie,39,26,13,0.677,8.4,6,2,0,0
0,15,6,Secția Medicină Internă,41,28,13,0.701,5.4,4,4,0,0
0,16,4,Secția Chirurgie,25,22,3,0.909,10.4,7,4,1,2
6,7,12,Secția Ginecologie,41,21,20,0.529,4.8,6,5,0,0
1,9,11,Secția Neurologie,40,30,10,0.757,8.2,5,3,0,1
5,17,6,Secția Neurologie,39,15,24,0.388,2.6,3,2,0,0
0,23,9,Secția Medicină Internă,22,16,6,0.741,3.8,7,2,0,0
5,18,9,Secția Pediatrie,16,7,9,0.5,5.7,4,0,0,0
5,17,3,Secția Pediatrie,12,4,8,0.363,13.7,8,2,0,0
5,4,11,Secția Ginecologie,16,10,6,0.659,7.1,7,2,0,0
1,1,5,Secția Ginecologie,17,9,8,0.538,11.7,6,3,0,0
0,18,11,Secția ATI,19,18,1,0.991,4.9,3,0,1,3
4,13,10,Secția Cardiologie,43,31,12,0.724,5.9,7,2,0,0
6,18,7,Secția Pediatrie,46,12,34,0.281,10.6,3,5,0,0
1,8,11,Secția Chirurgie,20,12,8,0.637,4.1,8,0,0,0
1,0,7,Secția Ginecologie,48,27,21,0.57,4.7,4,5,0,0
6,14,2,Secția Cardiologie,26,15,11,0.606,11.2,3,3,0,0
0,17,4,Secția Medicină Internă,27,18,9,0.671,3.2,4,4,0,0
5,18,5,Secția Ginecologie,17,6,11,0.409,7.1,4,5,0,0
3,8,9,Secția Ginecologie,38,22,16,0.58,6.6,5,4,0,0
2,0,2,Secția Cardiologie,46,30,16,0.667,8.6,0,6,0,0
5,8,10,Secția ATI,21,9,12,0.429,12.9,2,4,0,0
3,20,8,Secția Chirurgie,40,21,19,0.532,5.5,5,2,0,0
5,3,3,Secția Neurologie,36,14,22,0.416,13.3,8,0,0,0
3,2,6,Secția Pediatrie,30,12,18,0.407,2.5,6,6,0,0
4,0,11,Secția Ginecologie,36,28,8,0.787,9.1,7,5,0,1
3,1,4,Secția Pediatrie,45,26,19,0.598,2.7,4,3,0,0
5,15,2,Secția ATI,50,34,16,0.681,3.1,8,0,0,0
4,13,2,Secția Cardiologie,17,10,7,0.644,7.0,1,5,0,0
6,4,8,Secția Pediatrie,42,15,27,0.366,7.3,7,1,0,0
3,17,3,Secția Ortopedie,22,9,13,0.43,13.0,8,5,0,0
1,2,5,Secția Ortopedie,31,24,7,0.781,11.7,4,5,0,1
2,18,10,Secția Ginecologie,19,9,10,0.493,6.8,7,2,0,0
2,17,9,Secția Ortopedie,39,30,9,0.771,13.8,3,4,0,1
3,7,7,Secția ATI,30,16,14,0.551,10.7,6,3,0,0
5,20,3,Secția Ginecologie,12,8,4,0.668,5.3,1,6,0,0
6,14,2,Secția Ginecologie,10,8,2,0.822,10.4,6,6,1,1
5,4,2,Secția Ginecologie,26,11,15,0.453,9.4,5,6,0,0
5,17,7,Secția Neurologie,50,27,23,0.557,10.3,7,6,0,0
4,1,10,Secția Chirurgie,25,9,16,0.366,14.0,1,3,0,0
0,20,12,Secția Chirurgie,38,20,18,0.552,3.2,4,0,0,0
0,10,1,Secția Pediatrie,32,24,8,0.752,7.9,2,1,0,1
1,2,10,Secția Ortopedie,49,34,15,0.698,9.9,7,4,0,0
1,7,8,Secția Pediatrie,39,23,16,0.599,11.5,4,5,0,0
4,5,2,Secția Ginecologie,32,21,11,0.666,13.8,4,5,0,0
3,22,5,Secția Ginecologie,29,17,12,0.587,7.3,3,3,0,0
4,11,10,Secția Pediatrie,28,19,9,0.712,1.3,6,2,0,0
0,18,11,Secția ATI,48,42,6,0.893,12.7,3,4,1,2
6,11,4,Secția Cardiologie,49,13,36,0.273,4.3,2,5,0,0
0,20,11,Secția ATI,29,26,3,0.908,5.7,2,0,1,2
2,10,12,Secția Ortopedie,21,14,7,0.67,3.6,8,2,0,0
4,16,5,Secția Medicină Internă,26,22,4,0.847,13.6,4,5,1,1
6,10,2,Secția Ginecologie,14,6,8,0.452,2.8,3,6,0,0
5,23,11,Secția Ortopedie,45,18,27,0.409,1.2,8,0,0,0
3,11,11,Secția Pediatrie,47,40,7,0.859,6.0,5,0,1,2
5,7,8,Secția ATI,49,32,17,0.665,12.9,3,5,0,0
0,20,8,Secția Pediatrie,36,17,19,0.498,2.5,0,0,0,0
2,15,2,Secția Chirurgie,25,18,7,0.749,6.9,8,3,0,0
4,23,12,Secția Medicină Internă,36,21,15,0.608,9.5,7,4,0,0
3,8,1,Secția Neurologie,23,8,15,0.374,12.1,1,5,0,0
2,17,11,Secția Neurologie,13,9,4,0.752,6.2,3,0,0,1
6,14,2,Secția Cardiologie,50,28,22,0.58,11.2,3,1,0,0
6,18,4,Secția Chirurgie,45,19,26,0.436,3.7,3,6,0,0
6,7,6,Secția Medicină Internă,48,30,18,0.637,2.9,2,4,0,0
2,5,2,Secția ATI,18,14,4,0.804,1.2,3,4,1,1
2,0,3,Secția Pediatrie,13,8,5,0.638,2.5,1,3,0,0
3,11,9,Secția Chirurgie,38,26,12,0.69,7.5,0,5,0,0
6,21,9,Secția Pediatrie,39,16,23,0.431,14.0,6,3,0,0
5,3,8,Secția Ginecologie,14,5,9,0.376,12.7,5,4,0,0
1,2,3,Secția Pediatrie,49,26,23,0.549,5.2,8,2,0,0
3,16,10,Secția Ortopedie,16,7,9,0.488,11.3,1,6,0,0
5,20,9,Secția Cardiologie,37,13,24,0.368,5.4,7,3,0,0
3,23,2,Secția Neurologie,37,25,12,0.676,5.1,4,2,0,0
1,21,8,Secția Chirurgie,15,9,6,0.626,2.3,5,6,0,0
1,17,1,Secția Neurologie,17,11,6,0.704,6.3,6,6,0,0
5,1,5,Secția Pediatrie,32,18,14,0.564,3.0,7,1,0,0
6,3,6,Secția Neurologie,17,8,9,0.487,10.9,3,6,0,0
3,17,10,Secția ATI,48,43,5,0.904,4.5,2,2,1,2
5,9,6,Secția Neurologie,10,3,7,0.303,3.4,2,4,0,0
5,12,2,Secția Medicină Internă,50,32,18,0.652,7.9,6,3,0,0
3,10,3,Secția Neurologie,29,17,12,0.591,10.4,1,0,0,0
1,5,10,Secția ATI,15,11,4,0.776,7.3,7,3,0,1
2,6,9,Secția Chirurgie,32,23,9,0.725,6.6,4,5,0,0
5,18,8,Secția Pediatrie,12,5,7,0.464,1.7,3,2,0,0
1,4,5,Secția Pediatrie,30,29,1,0.99,2.6,7,5,1,3
3,5,3,Secția Ortopedie,44,22,22,0.509,11.8,5,0,0,0
3,23,1,Secția Ortopedie,11,5,6,0.515,7.0,1,6,0,0
2,18,7,Secția Ortopedie,50,22,28,0.448,1.3,5,1,0,0
6,19,8,Secția Neurologie,15,6,9,0.429,6.7,1,1,0,0
3,18,7,Secția Chirurgie,35,22,13,0.636,3.9,2,0,0,0
4,20,2,Secția Cardiologie,32,16,16,0.506,5.6,2,1,0,0
0,4,5,Secția Cardiologie,21,10,11,0.488,9.5,2,6,0,0
5,15,8,Secția Ginecologie,46,15,31,0.328,9.4,5,6,0,0
5,10,3,Secția Ginecologie,14,4,10,0.334,11.4,0,2,0,0
4,2,5,Secția Ginecologie,38,22,16,0.583,1.5,5,6,0,0
2,2,11,Secția Chirurgie,49,27,22,0.552,8.5,0,3,0,0
6,18,11,Secția Cardiologie,30,14,16,0.484,8.9,8,1,0,0
0,14,2,Secția Neurologie,15,10,5,0.726,4.2,7,3,0,0
4,16,10,Secția Medicină Internă,33,19,14,0.598,5.8,4,3,0,0
3,10,11,Secția ATI,50,41,9,0.823,2.2,6,2,1,1
2,23,11,Secția Medicină Internă,31,19,12,0.615,2.1,2,2,0,0
2,20,12,Secția Ortopedie,18,7,11,0.416,5.0,6,5,0,0
6,10,3,Secția Chirurgie,37,12,25,0.341,7.6,0,2,0,0
2,5,4,Secția Neurologie,41,30,11,0.747,3.0,4,6,0,0
6,3,9,Secția ATI,31,31,0,1.0,12.4,2,4,1,3
3,4,3,Secția Medicină Internă,49,28,21,0.576,6.7,6,2,0,0
5,23,4,Secția Ginecologie,49,18,31,0.383,4.7,7,1,0,0
4,7,5,Secția Ginecologie,22,7,15,0.354,13.8,7,6,0,0
2,12,9,Secția Ortopedie,20,16,4,0.815,11.6,2,6,1,1
2,1,11,Secția Ginecologie,33,19,14,0.597,12.0,1,2,0,0
0,5,5,Secția Ginecologie,42,26,16,0.631,2.9,6,0,0,0
1,14,6,Secția ATI,36,33,3,0.934,4.1,1,2,1,2
1,0,6,Secția Chirurgie,31,20,11,0.647,11.3,2,0,0,0
2,15,12,Secția Medicină Internă,40,27,13,0.688,2.0,4,1,0,0
6,4,9,Secția Ortopedie,17,7,10,0.454,11.1,3,2,0,0
0,1,4,Secția Ortopedie,50,34,16,0.686,2.4,7,4,0,0
4,0,11,Secția Cardiologie,19,9,10,0.522,4.8,0,4,0,0
2,7,10,Secția Ortopedie,21,11,10,0.524,13.7,1,4,0,0
4,16,9,Secția ATI,34,24,10,0.706,12.4,0,5,0,0
3,11,5,Secția ATI,32,24,8,0.776,10.5,1,6,0,1
4,23,6,Secția Medicină Internă,12,4,8,0.393,5.6,5,6,0,0
5,5,11,Secția Ginecologie,40,16,24,0.402,1.8,7,0,0,0
2,6,1,Secția Cardiologie,12,5,7,0.489,5.1,4,4,0,0
3,17,8,Secția Pediatrie,12,6,6,0.502,5.6,0,6,0,0
5,10,5,Secția Chirurgie,33,13,20,0.422,6.7,6,5,0,0
3,12,6,Secția Medicină Internă,41,20,21,0.509,11.4,4,6,0,0
0,23,7,Secția Chirurgie,37,18,19,0.493,8.8,2,4,0,0
2,10,2,Secția Chirurgie,30,19,11,0.645,8.8,6,1,0,0
5,14,6,Secția Ginecologie,12,4,8,0.363,10.4,5,4,0,0
3,8,11,Secția ATI,14,10,4,0.742,7.7,2,0,0,0
1,19,11,Secția Ginecologie,12,7,5,0.642,2.6,3,6,0,0
5,11,6,Secția Ortopedie,46,23,23,0.518,6.8,5,2,0,0
3,2,10,Secția Medicină Internă,43,24,19,0.564,5.8,5,5,0,0
2,7,2,Secția ATI,21,14,7,0.681,8.3,4,6,0,0
2,22,8,Secția Cardiologie,49,24,25,0.501,4.7,7,1,0,0
0,4,2,Secția Ginecologie,21,17,4,0.855,2.1,5,5,1,2
2,22,2,Secția Pediatrie,29,16,13,0.573,12.1,2,6,0,0
2,16,4,Secția Chirurgie,22,13,9,0.623,7.4,5,4,0,0
4,11,8,Secția Medicină Internă,49,22,27,0.465,12.5,1,2,0,0
3,22,12,Secția Ginecologie,43,23,20,0.546,8.5,2,2,0,0
5,2,8,Secția Ginecologie,43,20,23,0.465,5.5,8,5,0,0
4,5,3,Secția Ortopedie,42,24,18,0.584,2.6,2,2,0,0
1,5,6,Secția Cardiologie,32,18,14,0.578,13.3,8,2,0,0
6,2,5,Secția Cardiologie,50,27,23,0.543,9.1,8,0,0,0
4,20,3,Secția Medicină Internă,20,10,10,0.524,9.6,5,6,0,0
4,1,1,Secția Chirurgie,12,10,2,0.845,4.4,3,6,1,1
4,13,10,Secția ATI,41,28,13,0.685,12.6,8,2,0,0
5,9,8,Secția Cardiologie,35,13,22,0.386,1.8,7,3,0,0
3,14,4,Secția Neurologie,48,30,18,0.645,2.9,5,5,0,0
6,11,7,Secția Medicină Internă,33,12,21,0.393,4.1,1,2,0,0
3,7,3,Secția Chirurgie,13,7,6,0.545,4.8,6,6,0,0
4,13,4,Secția Medicină Internă,30,23,7,0.775,3.5,2,3,0,1
4,14,8,Secția Pediatrie,41,19,22,0.472,1.3,6,4,0,0
3,7,4,Secția Neurologie,13,8,5,0.683,12.5,7,2,0,0
4,0,2,Secția Ortopedie,18,12,6,0.694,12.5,5,6,0,0
3,11,1,Secția Ortopedie,13,8,5,0.629,8.2,1,3,0,0
4,14,9,Secția Pediatrie,49,27,22,0.566,9.8,1,1,0,0
0,12,6,Secția Neurologie,45,37,8,0.837,3.6,8,3,1,1
4,1,1,Secția ATI,18,13,5,0.725,10.3,7,4,0,0
3,4,10,Secția Medicină Internă,30,19,11,0.645,6.1,4,4,0,0
2,16,9,Secția Ginecologie,46,25,21,0.556,4.9,0,2,0,0
2,21,2,Secția Ortopedie,47,26,21,0.559,12.3,0,4,0,0
3,8,11,Secția Cardiologie,13,11,2,0.89,8.6,2,4,1,2
5,23,10,Secția Ortopedie,19,9,10,0.489,8.4,1,1,0,0
0,14,6,Secția Ortopedie,19,10,9,0.57,6.4,3,3,0,0
4,19,8,Secția ATI,18,8,10,0.497,14.0,7,4,0,0
3,10,3,Secția Ginecologie,44,25,19,0.582,5.5,5,5,0,0
6,23,11,Secția Pediatrie,49,12,37,0.25,4.6,4,1,0,0
2,9,12,Secția Cardiologie,41,27,14,0.68,5.1,5,4,0,0
6,23,5,Secția Pediatrie,17,5,12,0.316,12.6,6,6,0,0
2,4,5,Secția ATI,28,17,11,0.633,13.4,1,2,0,0
3,20,5,Secția Ginecologie,23,13,10,0.594,13.1,4,1,0,0
0,19,12,Secția Cardiologie,25,22,3,0.893,1.7,8,1,1,2
5,7,1,Secția Chirurgie,36,17,19,0.484,9.9,2,0,0,0
4,5,7,Secția Ginecologie,40,24,16,0.619,9.5,4,2,0,0
2,20,1,Secția Chirurgie,46,30,16,0.672,12.1,0,1,0,0
3,5,1,Secția Ortopedie,41,34,7,0.845,3.4,4,0,1,1
0,9,10,Secția Chirurgie,31,17,14,0.572,8.1,7,1,0,0
6,16,8,Secția Pediatrie,22,17,5,0.802,11.5,5,1,1,1
5,14,11,Secția Pediatrie,21,14,7,0.708,4.8,3,1,0,0
4,20,7,Secția Ortopedie,42,21,21,0.51,5.3,6,5,0,0
0,5,3,Secția Ginecologie,30,19,11,0.663,6.0,7,6,0,0
2,10,5,Secția ATI,26,19,7,0.744,9.5,3,0,0,0
5,3,8,Secția Pediatrie,20,5,15,0.283,12.6,4,5,0,0
0,20,5,Secția Neurologie,49,35,14,0.729,3.9,2,3,0,0
1,14,12,Secția Neurologie,36,25,11,0.721,10.8,3,6,0,0
1,21,10,Secția Chirurgie,43,17,26,0.397,6.8,5,0,0,0
4,3,1,Secția Cardiologie,46,26,20,0.58,12.1,7,0,0,0
5,6,12,Secția Ginecologie,15,8,7,0.534,12.7,7,6,0,0
0,14,3,Secția Ortopedie,39,21,18,0.559,9.7,4,5,0,0
0,12,5,Secția ATI,23,18,5,0.79,8.5,0,3,0,1
2,22,2,Secția ATI,14,13,1,0.935,4.7,2,6,1,2
1,20,12,Secția Ortopedie,33,24,9,0.738,13.9,6,3,0,0
6,12,7,Secția Chirurgie,44,26,18,0.61,2.5,8,3,0,0
4,4,12,Secția Cardiologie,10,8,2,0.827,10.8,4,3,1,1
5,23,9,Secția Ortopedie,44,17,27,0.387,7.0,2,2,0,0
1,23,2,Secția ATI,36,34,2,0.96,9.0,0,1,1,3
1,2,2,Secția ATI,38,28,10,0.747,1.6,0,3,0,0
3,7,9,Secția Cardiologie,13,5,8,0.442,2.8,4,1,0,0
6,23,10,Secția Neurologie,46,13,33,0.304,5.2,4,1,0,0
5,16,4,Secția Ortopedie,29,11,18,0.397,4.6,8,4,0,0
5,5,11,Secția Ortopedie,45,10,35,0.229,13.2,6,6,0,0
4,10,12,Secția Ortopedie,36,25,11,0.709,2.9,6,1,0,0
6,17,8,Secția Cardiologie,24,8,16,0.341,11.5,0,4,0,0
3,13,9,Secția Medicină Internă,34,26,8,0.779,4.2,3,2,0,1
5,2,8,Secția Neurologie,15,2,13,0.18,1.7,6,5,0,0
4,19,1,Secția Chirurgie,22,13,9,0.6,11.5,8,1,0,0
3,6,6,Secția Pediatrie,10,5,5,0.519,10.6,7,1,0,0
5,19,12,Secția Cardiologie,35,21,14,0.626,12.9,8,2,0,0
6,9,7,Secția Ginecologie,44,14,30,0.339,5.7,7,3,0,0
0,23,8,Secția Neurologie,23,11,12,0.517,5.8,6,0,0,0
4,7,12,Secția Medicină Internă,11,6,5,0.631,8.5,6,2,0,0
1,6,6,Secția Cardiologie,34,29,5,0.88,8.4,3,3,1,2
4,20,11,Secția Neurologie,26,17,9,0.662,10.4,7,3,0,0
1,23,6,Secția Medicină Internă,18,8,10,0.462,10.4,7,1,0,0
4,20,1,Secția ATI,14,13,1,0.968,10.9,6,1,1,3
6,20,4,Secția Chirurgie,19,7,12,0.39,1.1,8,3,0,0
2,1,10,Secția Ginecologie,41,28,13,0.697,6.3,0,4,0,0
5,8,9,Secția Pediatrie,11,5,6,0.465,7.5,6,6,0,0
1,3,2,Secția Medicină Internă,25,20,5,0.802,11.6,4,6,1,1
3,2,6,Secția Ortopedie,39,24,15,0.637,8.3,3,2,0,0
5,2,11,Secția ATI,15,9,6,0.603,7.2,0,5,0,0
1,2,8,Secția Ortopedie,31,20,11,0.665,8.4,1,4,0,0
0,7,4,Secția Ginecologie,27,18,9,0.695,13.0,8,4,0,0
5,1,3,Secția Neurologie,11,5,6,0.464,13.5,2,6,0,0
6,22,7,Secția Chirurgie,29,12,17,0.447,11.9,6,5,0,0
4,10,7,Secția Medicină Internă,15,9,6,0.626,7.5,5,0,0,0
0,13,4,Secția Chirurgie,31,17,14,0.569,8.7,5,0,0,0
5,8,8,Secția Ginecologie,24,7,17,0.298,5.6,6,3,0,0
1,21,10,Secția Ortopedie,15,9,6,0.664,4.2,1,0,0,0
2,4,7,Secția Medicină Internă,34,13,21,0.401,5.1,1,0,0,0
0,9,8,Secția Neurologie,27,17,10,0.641,6.6,8,4,0,0
4,13,2,Secția ATI,15,13,2,0.881,5.6,1,4,1,2
4,10,7,Secția ATI,28,14,14,0.521,10.4,8,1,0,0
4,16,3,Secția Ortopedie,20,14,6,0.708,2.8,4,2,0,0
3,4,2,Secția Medicină Internă,37,23,14,0.634,11.2,5,2,0,0
1,23,11,Secția Ginecologie,48,40,8,0.85,9.0,7,0,1,1
1,9,1,Secția Ortopedie,31,25,6,0.814,12.2,7,2,1,1
3,20,10,Secția Medicină Internă,29,13,16,0.452,5.2,3,3,0,0
2,5,7,Secția Neurologie,28,13,15,0.484,13.6,3,2,0,0
3,8,7,Secția Neurologie,17,5,12,0.331,13.1,3,4,0,0
4,5,11,Secția ATI,39,34,5,0.877,11.4,1,6,1,2
6,13,11,Secția Ginecologie,18,10,8,0.571,9.2,3,2,0,0
5,4,12,Secția Ortopedie,34,29,5,0.878,7.2,6,4,1,2
4,22,7,Secția ATI,33,26,7,0.815,10.1,8,4,1,1
5,2,2,Secția Cardiologie,32,20,12,0.633,8.3,6,6,0,0
2,13,2,Secția ATI,16,15,1,0.993,4.4,8,5,1,3
4,17,10,Secția Cardiologie,38,17,21,0.456,9.8,8,1,0,0
2,0,8,Secția Chirurgie,28,16,12,0.595,6.4,1,0,0,0
6,23,3,Secția Neurologie,29,9,20,0.334,7.8,5,3,0,0
0,14,12,Secția Ginecologie,30,29,1,0.975,1.9,0,6,1,3
5,3,1,Secția Neurologie,16,8,8,0.518,13.8,3,4,0,0
1,17,3,Secția Neurologie,45,26,19,0.585,6.5,7,1,0,0
6,12,11,Secția Medicină Internă,21,10,11,0.519,1.4,3,3,0,0
4,13,7,Secția ATI,23,13,10,0.601,3.7,1,4,0,0
0,17,3,Secția Neurologie,30,20,10,0.669,9.7,7,4,0,0
5,10,10,Secția Ortopedie,49,27,22,0.556,6.1,1,2,0,0
2,14,10,Secția Medicină Internă,29,21,8,0.74,9.7,5,0,0,0
1,9,2,Secția Medicină Internă,33,22,11,0.672,10.0,8,3,0,0
3,19,3,Secția Ortopedie,37,22,15,0.617,10.0,2,4,0,0
1,15,5,Secția Medicină Internă,21,17,4,0.857,5.1,7,4,1,2
0,11,1,Secția Ginecologie,18,15,3,0.84,8.3,7,3,1,1
5,15,7,Secția Ginecologie,41,23,18,0.561,3.2,0,6,0,0
6,7,5,Secția ATI,27,16,11,0.616,11.1,7,4,0,0
4,3,10,Secția Chirurgie,27,17,10,0.648,11.1,5,4,0,0
6,1,12,Secția Ginecologie,44,25,19,0.575,10.6,3,2,0,0
6,1,8,Secția Pediatrie,32,16,16,0.524,12.2,1,3,0,0
6,3,4,Secția Cardiologie,47,16,31,0.361,8.9,6,1,0,0
4,4,4,Secția Cardiologie,13,4,9,0.329,8.4,8,2,0,0
4,17,3,Secția Neurologie,28,14,14,0.527,12.2,1,1,0,0
6,13,1,Secția Pediatrie,18,12,6,0.692,10.1,2,1,0,0
1,22,6,Secția Cardiologie,35,15,20,0.443,4.5,6,3,0,0
3,2,11,Secția Chirurgie,35,23,12,0.66,7.7,4,5,0,0
2,14,8,Secția Neurologie,47,35,12,0.757,10.5,7,5,0,1
5,22,6,Secția Chirurgie,44,17,27,0.403,6.2,6,6,0,0
1,15,5,Secția Neurologie,28,17,11,0.617,8.4,7,6,0,0
2,21,1,Secția ATI,16,14,2,0.934,9.1,7,0,1,2
0,5,8,Secția Ginecologie,10,7,3,0.727,13.9,2,5,0,0
2,5,5,Secția Chirurgie,33,17,16,0.544,4.3,5,5,0,0
5,5,1,Secția Ortopedie,50,24,26,0.486,4.0,1,5,0,0
0,0,4,Secția Ginecologie,14,11,3,0.825,2.7,3,4,1,1
5,14,1,Secția ATI,31,27,4,0.896,6.5,2,3,1,2
0,7,7,Secția Chirurgie,16,4,12,0.274,2.3,5,2,0,0
1,12,3,Secția Medicină Internă,14,9,5,0.685,9.5,7,2,0,0
5,6,11,Secția Medicină Internă,36,19,17,0.547,9.0,7,6,0,0
1,2,2,Secția Medicină Internă,17,11,6,0.65,13.5,5,6,0,0
1,7,5,Secția Chirurgie,25,14,11,0.587,8.2,4,6,0,0
5,0,11,Secția Pediatrie,23,9,14,0.408,10.7,4,5,0,0
0,7,8,Secția Ortopedie,17,9,8,0.584,4.1,1,4,0,0
0,11,6,Secția Medicină Internă,34,25,9,0.75,5.8,2,6,0,0
3,2,1,Secția Chirurgie,10,5,5,0.531,4.4,0,0,0,0
6,12,9,Secția Pediatrie,50,22,28,0.452,6.5,6,0,0,0
5,17,9,Secția Medicină Internă,27,6,21,0.251,2.1,1,4,0,0
1,4,9,Secția Neurologie,35,16,19,0.476,9.4,1,2,0,0
5,13,12,Secția Cardiologie,13,6,7,0.495,4.2,6,0,0,0
3,19,10,Secția ATI,29,17,12,0.612,3.3,0,5,0,0
1,22,1,Secția Medicină Internă,41,24,17,0.598,13.4,8,4,0,0
6,23,5,Secția Medicină Internă,33,19,14,0.596,4.5,1,6,0,0
0,10,7,Secția Pediatrie,43,34,9,0.8,1.8,1,3,0,1
3,16,6,Secția ATI,41,30,11,0.746,3.0,1,4,0,0
5,23,2,Secția Cardiologie,42,20,22,0.494,1.0,0,1,0,0
0,15,6,Secția Ortopedie,19,14,5,0.782,1.5,6,1,0,1
2,7,7,Secția Neurologie,27,20,7,0.775,11.7,5,0,0,1
4,21,1,Secția Medicină Internă,24,18,6,0.763,13.4,1,3,0,1
6,9,5,Secția Neurologie,15,1,14,0.131,8.2,0,2,0,0
1,9,10,Secția Pediatrie,49,32,17,0.655,13.6,3,5,0,0
4,7,3,Secția ATI,36,29,7,0.815,1.3,8,2,1,1
5,22,1,Secția Neurologie,10,5,5,0.557,10.6,4,0,0,0
1,16,4,Secția Ortopedie,41,23,18,0.584,13.5,2,5,0,0
2,2,1,Secția Cardiologie,43,18,25,0.432,7.0,1,4,0,0
0,16,3,Secția Ortopedie,14,11,3,0.833,8.7,0,3,1,1
5,4,4,Secția Pediatrie,26,15,11,0.612,6.1,5,2,0,0
3,8,4,Secția Chirurgie,22,7,15,0.329,2.8,1,1,0,0
0,5,8,Secția Ginecologie,30,14,16,0.476,13.5,3,3,0,0
2,14,5,Secția Chirurgie,15,10,5,0.682,3.0,4,6,0,0
5,22,10,Secția ATI,23,15,8,0.655,2.2,3,2,0,0
3,16,1,Secția Pediatrie,26,15,11,0.608,11.7,2,0,0,0
3,14,9,Secția Cardiologie,16,6,10,0.39,2.8,0,0,0,0
6,7,3,Secția Cardiologie,35,17,18,0.501,5.8,1,4,0,0
4,8,2,Secția ATI,14,11,3,0.856,11.5,1,6,1,2
6,10,2,Secția ATI,39,35,4,0.914,1.7,6,6,1,2
5,12,8,Secția ATI,34,19,15,0.57,3.8,2,2,0,0
2,14,3,Secția ATI,49,33,16,0.682,9.0,3,5,0,0
2,15,7,Secția Ginecologie,13,8,5,0.65,6.5,8,1,0,0
5,17,1,Secția Ortopedie,32,19,13,0.612,7.2,7,2,0,0
4,16,6,Secția Ortopedie,27,16,11,0.595,3.8,4,0,0,0
6,15,9,Secția Neurologie,47,27,20,0.595,14.0,2,0,0,0
1,21,4,Secția Pediatrie,44,33,11,0.758,1.7,3,4,0,1
6,12,6,Secția Medicină Internă,21,4,17,0.205,4.1,5,6,0,0
5,22,6,Secția ATI,32,22,10,0.696,8.3,3,6,0,0
6,15,9,Secția Pediatrie,21,9,12,0.45,7.4,1,0,0,0
1,19,4,Secția ATI,43,29,14,0.693,9.0,2,2,0,0
5,5,6,Secția ATI,11,6,5,0.565,2.9,2,6,0,0
0,16,6,Secția Chirurgie,33,19,14,0.6,8.6,5,2,0,0
2,4,3,Secția Ortopedie,50,19,31,0.38,13.5,5,1,0,0
5,17,12,Secția Neurologie,24,10,14,0.439,5.9,4,1,0,0
1,23,1,Secția Ortopedie,46,25,21,0.56,1.4,5,6,0,0
4,7,11,Secția Chirurgie,41,31,10,0.776,4.1,5,1,0,1
5,2,12,Secția Neurologie,38,26,12,0.703,1.1,3,1,0,0
5,2,6,Secția Pediatrie,16,6,10,0.393,6.7,6,1,0,0
3,15,7,Secția Neurologie,44,22,22,0.513,5.9,7,6,0,0
6,18,11,Secția Cardiologie,20,6,14,0.345,1.4,0,2,0,0
2,3,2,Secția Neurologie,20,14,6,0.715,12.5,2,5,0,0
0,17,2,Secția Neurologie,48,48,0,1.0,10.2,6,5,1,3
1,19,7,Secția Medicină Internă,13,7,6,0.577,2.3,3,1,0,0
3,22,9,Secția Pediatrie,28,14,14,0.534,6.1,8,6,0,0
3,4,1,Secția Neurologie,10,7,3,0.702,6.6,4,6,0,0
5,20,10,Secția Ginecologie,22,11,11,0.517,9.3,1,3,0,0
6,3,5,Secția Ortopedie,40,19,21,0.497,7.4,4,0,0,0
5,17,7,Secția Medicină Internă,33,16,17,0.487,6.8,4,3,0,0
3,8,4,Secția Pediatrie,46,21,25,0.474,1.8,1,0,0,0
5,11,9,Secția Ortopedie,47,23,24,0.506,6.0,8,3,0,0
4,21,8,Secția Cardiologie,40,21,19,0.542,4.9,6,6,0,0
5,1,9,Secția Medicină Internă,17,9,8,0.574,13.3,2,1,0,0
6,6,3,Secția ATI,37,20,17,0.559,2.0,6,1,0,0
6,20,3,Secția Pediatrie,30,20,10,0.675,1.9,6,4,0,0
3,17,6,Secția Pediatrie,43,15,28,0.359,7.0,0,6,0,0
5,19,10,Secția Ortopedie,17,6,11,0.392,8.6,1,0,0,0
4,3,5,Secția Neurologie,36,21,15,0.585,4.4,7,4,0,0
4,15,1,Secția Medicină Internă,27,15,12,0.563,9.9,6,0,0,0
3,10,12,Secția Cardiologie,13,10,3,0.795,10.7,4,2,0,1
0,10,5,Secția Pediatrie,27,22,5,0.831,9.9,3,1,1,1
2,23,8,Secția Neurologie,27,8,19,0.302,10.5,1,1,0,0
3,6,7,Secția Ginecologie,43,27,16,0.649,7.7,2,0,0,0
2,22,9,Secția Ortopedie,18,6,12,0.385,11.1,8,4,0,0
0,5,4,Secția Cardiologie,13,8,5,0.65,12.9,3,2,0,0
2,14,9,Secția Ortopedie,50,36,14,0.733,13.0,0,1,0,0
2,15,10,Secția Ginecologie,21,15,6,0.732,8.2,5,1,0,0
6,8,12,Secția Chirurgie,28,14,14,0.517,1.4,0,1,0,0
6,18,4,Secția Cardiologie,24,9,15,0.408,6.3,0,6,0,0
6,21,1,Secția Ginecologie,18,8,10,0.465,9.4,0,1,0,0
2,19,5,Secția Pediatrie,37,27,10,0.736,7.0,3,3,0,0
2,21,9,Secția Ortopedie,47,19,28,0.407,2.3,8,5,0,0
6,11,9,Secția Pediatrie,29,12,17,0.445,5.4,4,5,0,0
2,8,5,Secția Pediatrie,22,9,13,0.424,2.9,3,0,0,0
6,19,7,Secția Neurologie,18,6,12,0.369,14.0,4,3,0,0
3,12,12,Secția ATI,47,31,16,0.678,10.2,3,2,0,0
5,22,4,Secția Ginecologie,32,6,26,0.218,11.9,8,1,0,0
2,3,8,Secția Medicină Internă,26,12,14,0.489,10.4,8,6,0,0
1,21,6,Secția Chirurgie,24,11,13,0.478,5.0,5,2,0,0
2,18,5,Secția Ginecologie,17,12,5,0.706,7.1,1,3,0,0
1,16,2,Secția Ortopedie,43,33,10,0.788,12.1,2,1,0,1
2,13,10,Secția Ginecologie,19,12,7,0.638,5.1,2,6,0,0
0,15,6,Secția Medicină Internă,30,19,11,0.642,4.6,2,4,0,0
6,5,8,Secția Chirurgie,18,7,11,0.391,9.0,6,3,0,0
3,15,7,Secția ATI,12,6,6,0.51,13.4,5,6,0,0
6,16,4,Secția ATI,10,6,4,0.609,9.1,3,1,0,0
5,11,5,Secția Medicină Internă,16,6,10,0.381,3.2,0,2,0,0
2,14,12,Secția Neurologie,37,29,8,0.807,12.5,2,2,1,1
3,11,4,Secția Medicină Internă,35,23,12,0.685,13.8,3,5,0,0
0,18,9,Secția Medicină Internă,17,11,6,0.66,5.8,0,3,0,0
5,8,9,Secția ATI,48,37,11,0.777,9.5,0,0,0,1
5,3,7,Secția Ginecologie,34,13,21,0.394,2.6,4,3,0,0
5,4,4,Secția ATI,29,15,14,0.551,7.8,2,3,0,0
6,3,9,Secția Chirurgie,28,13,15,0.476,2.5,1,3,0,0
1,19,4,Secția Pediatrie,43,32,11,0.761,6.3,2,0,0,1
4,15,4,Secția Ginecologie,31,18,13,0.581,4.0,0,5,0,0
0,3,10,Secția Ginecologie,19,16,3,0.848,2.0,1,2,1,1
5,7,8,Secția Pediatrie,26,8,18,0.335,7.0,1,6,0,0
1,1,5,Secția Neurologie,30,17,13,0.597,12.1,0,0,0,0
6,4,11,Secția Medicină Internă,31,17,14,0.577,5.6,7,4,0,0
2,23,2,Secția Neurologie,31,21,10,0.7,13.5,4,6,0,0
3,22,8,Secția Ortopedie,20,12,8,0.611,2.5,0,6,0,0
1,3,7,Secția Ginecologie,46,26,20,0.567,5.9,5,4,0,0
0,21,12,Secția Medicină Internă,40,27,13,0.682,13.0,1,3,0,0
3,1,2,Secția Pediatrie,30,26,4,0.891,7.8,3,5,1,2
6,10,9,Secția Chirurgie,37,19,18,0.519,9.6,3,3,0,0
2,21,11,Secția Ortopedie,19,13,6,0.731,13.8,0,0,0,0
5,5,9,Secția Ginecologie,41,13,28,0.32,12.3,1,6,0,0
3,10,4,Secția Neurologie,27,18,9,0.681,9.4,6,6,0,0
1,2,8,Secția Ginecologie,46,28,18,0.627,6.8,7,3,0,0
2,3,8,Secția ATI,16,9,7,0.623,8.1,1,6,0,0
4,19,11,Secția Pediatrie,42,28,14,0.668,8.3,7,2,0,0
2,1,4,Secția Ginecologie,31,12,19,0.395,7.2,5,5,0,0
3,3,2,Secția Cardiologie,10,5,5,0.588,5.4,4,4,0,0
4,11,12,Secția Chirurgie,12,9,3,0.811,11.7,6,0,1,1
2,19,4,Secția Cardiologie,17,7,10,0.466,13.1,6,1,0,0
3,6,12,Secția Neurologie,16,10,6,0.652,9.2,1,6,0,0
3,14,11,Secția Medicină Internă,41,27,14,0.663,1.1,0,4,0,0
3,18,8,Secția Medicină Internă,47,28,19,0.602,2.3,5,4,0,0
3,13,10,Secția Cardiologie,27,21,6,0.796,6.2,5,2,0,1
3,4,3,Secția Ortopedie,48,23,25,0.488,4.9,8,6,0,0
2,22,12,Secția Cardiologie,22,10,12,0.46,3.7,4,5,0,0
2,21,3,Secția Medicină Internă,42,16,26,0.385,10.2,5,4,0,0
3,18,10,Secția Ortopedie,44,22,22,0.505,4.7,6,6,0,0
0,16,2,Secția ATI,34,34,0,1.0,3.6,2,2,1,3
5,8,3,Secția ATI,28,20,8,0.741,3.7,8,0,0,0
2,14,2,Secția Cardiologie,45,26,19,0.59,11.4,4,5,0,0
5,1,7,Secția Ortopedie,36,17,19,0.492,13.4,5,4,0,0
0,0,12,Secția Pediatrie,22,13,9,0.598,12.3,3,5,0,0
5,22,11,Secția Neurologie,47,19,28,0.406,8.1,3,6,0,0
5,6,5,Secția Ginecologie,21,10,11,0.497,13.5,8,0,0,0
3,1,7,Secția Pediatrie,45,22,23,0.495,4.4,2,4,0,0
6,8,1,Secția Neurologie,39,20,19,0.533,3.0,5,4,0,0
0,20,10,Secția Pediatrie,41,23,18,0.583,11.3,8,2,0,0
0,22,6,Secția Cardiologie,21,8,13,0.391,3.1,8,4,0,0
3,2,6,Secția Cardiologie,23,10,13,0.473,9.6,5,2,0,0
2,6,10,Secția Ginecologie,45,31,14,0.701,1.1,5,3,0,0
1,20,10,Secția Cardiologie,12,4,8,0.347,9.9,5,3,0,0
6,3,7,Secția Pediatrie,44,17,27,0.396,7.7,5,4,0,0
6,16,8,Secția Ginecologie,12,5,7,0.424,4.9,3,2,0,0
4,2,2,Secția Medicină Internă,44,21,23,0.485,3.7,3,6,0,0
5,13,2,Secția Cardiologie,44,24,20,0.565,11.8,6,5,0,0
6,2,12,Secția Medicină Internă,11,4,7,0.446,2.1,0,1,0,0
6,8,9,Secția Chirurgie,46,21,25,0.477,11.7,4,3,0,0
3,14,11,Secția Ortopedie,37,24,13,0.652,2.5,0,5,0,0
5,19,2,Secția ATI,14,11,3,0.809,5.7,8,0,1,1
2,21,5,Secția Chirurgie,28,15,13,0.562,6.1,0,3,0,0
1,17,4,Secția Medicină Internă,35,18,17,0.522,11.4,8,2,0,0
5,4,5,Secția Neurologie,10,3,7,0.306,2.6,0,4,0,0
4,12,9,Secția Chirurgie,29,15,14,0.55,3.7,5,1,0,0
3,20,9,Secția Medicină Internă,20,12,8,0.617,4.3,1,1,0,0
5,18,1,Secția Ginecologie,45,31,14,0.702,2.0,1,2,0,0
0,6,12,Secția Ginecologie,31,19,12,0.638,4.0,4,4,0,0
0,6,6,Secția Ginecologie,38,28,10,0.74,5.3,4,5,0,0
4,4,10,Secția Neurologie,30,18,12,0.62,5.1,3,5,0,0
5,20,7,Secția Pediatrie,33,12,21,0.381,2.7,5,3,0,0
3,14,6,Secția Pediatrie,41,19,22,0.479,8.9,4,6,0,0
6,4,9,Secția Cardiologie,26,11,15,0.426,10.5,1,5,0,0
0,0,9,Secția ATI,47,29,18,0.619,3.8,0,4,0,0
2,17,9,Secția Ginecologie,19,8,11,0.452,5.8,3,6,0,0
4,23,5,Secția Medicină Internă,39,19,20,0.498,5.7,0,5,0,0
1,19,11,Secția Medicină Internă,42,31,11,0.75,2.8,2,1,0,0
4,18,11,Secția Medicină Internă,40,27,13,0.682,10.9,3,0,0,0
2,11,4,Secția ATI,23,16,7,0.737,7.7,5,3,0,0
3,14,1,Secția ATI,30,30,0,1.0,9.2,4,6,1,3
5,8,10,Secția Medicină Internă,34,21,13,0.641,9.5,5,4,0,0
5,2,9,Secția Pediatrie,34,18,16,0.534,6.3,5,3,0,0
6,15,10,Secția ATI,42,26,16,0.635,12.5,7,1,0,0
1,2,9,Secția Pediatrie,23,15,8,0.691,8.8,1,5,0,0
1,13,6,Secția Chirurgie,40,28,12,0.707,9.8,7,1,0,0
4,5,11,Secția Ortopedie,11,7,4,0.652,8.7,2,5,0,0
4,1,10,Secția Medicină Internă,13,7,6,0.613,3.2,2,4,0,0
3,19,10,Secția ATI,28,21,7,0.779,8.9,7,6,0,1
3,5,4,Secția Ortopedie,48,25,23,0.523,2.9,2,4,0,0
5,16,5,Secția Medicină Internă,31,19,12,0.643,1.9,6,3,0,0
1,3,1,Secția Cardiologie,43,28,15,0.674,12.2,8,5,0,0
3,4,10,Secția Chirurgie,21,8,13,0.386,1.5,8,4,0,0
6,3,2,Secția Ginecologie,18,10,8,0.575,12.7,8,6,0,0
0,21,11,Secția Ortopedie,43,23,20,0.535,10.1,6,1,0,0
6,15,7,Secția Neurologie,47,26,21,0.567,11.5,1,3,0,0
1,8,8,Secția Cardiologie,15,8,7,0.549,6.3,3,0,0,0
5,23,1,Secția Chirurgie,43,33,10,0.79,1.1,3,5,0,1
6,10,7,Secția Neurologie,16,8,8,0.548,4.3,8,3,0,0
4,11,10,Secția Pediatrie,35,26,9,0.744,10.8,6,4,0,0
6,17,8,Secția Medicină Internă,33,8,25,0.271,13.9,5,6,0,0
5,12,12,Secția Medicină Internă,17,9,8,0.55,10.7,7,6,0,0
5,5,2,Secția Cardiologie,42,19,23,0.462,8.2,0,1,0,0
3,20,1,Secția Chirurgie,19,13,6,0.714,7.1,6,0,0,0
0,8,4,Secția Neurologie,15,7,8,0.501,13.1,6,4,0,0
5,16,5,Secția ATI,21,11,10,0.528,9.3,7,0,0,0
1,21,9,Secția Pediatrie,22,17,5,0.809,7.7,3,4,1,1
1,21,1,Secția Neurologie,25,19,6,0.784,9.5,2,0,0,1
2,12,6,Secția Ortopedie,35,14,21,0.426,10.6,1,0,0,0
4,9,12,Secția Neurologie,32,18,14,0.575,13.5,4,1,0,0
4,6,8,Secția Ortopedie,46,26,20,0.574,7.6,8,0,0,0
4,9,6,Secția Chirurgie,42,21,21,0.502,13.4,8,6,0,0
6,18,5,Secția Ginecologie,34,8,26,0.26,10.8,7,5,0,0
3,18,1,Secția Ginecologie,17,9,8,0.57,4.4,6,5,0,0
6,7,11,Secția Cardiologie,30,13,17,0.455,8.0,4,1,0,0
2,2,7,Secția Neurologie,14,7,7,0.559,8.2,2,3,0,0
2,11,4,Secția Pediatrie,21,16,5,0.772,12.8,7,5,0,1
1,7,12,Secția Cardiologie,26,17,9,0.691,3.7,3,6,0,0
1,19,6,Secția Medicină Internă,16,10,6,0.635,13.4,7,4,0,0
0,17,1,Secția Ginecologie,33,25,8,0.783,9.1,7,4,0,1
6,8,8,Secția Medicină Internă,42,16,26,0.384,8.5,0,4,0,0
6,13,8,Secția ATI,42,28,14,0.684,5.5,2,3,0,0
0,22,9,Secția Ginecologie,30,19,11,0.643,3.7,1,2,0,0
2,19,5,Secția Medicină Internă,45,23,22,0.533,4.4,4,3,0,0
4,10,6,Secția Medicină Internă,41,17,24,0.439,10.8,5,6,0,0
3,8,8,Secția Medicină Internă,46,25,21,0.558,2.7,3,6,0,0
0,23,5,Secția Cardiologie,45,24,21,0.543,2.9,2,3,0,0
6,0,3,Secția Ortopedie,41,20,21,0.499,2.7,8,4,0,0
5,10,8,Secția Pediatrie,26,7,19,0.306,6.2,2,0,0,0
1,8,8,Secția Chirurgie,38,20,18,0.541,10.7,4,2,0,0
2,17,9,Secția Pediatrie,32,19,13,0.611,12.3,3,4,0,0
4,20,11,Secția Medicină Internă,28,18,10,0.658,5.6,8,3,0,0
6,23,8,Secția Chirurgie,34,10,24,0.299,13.4,2,5,0,0
6,10,7,Secția Ortopedie,14,5,9,0.362,2.0,5,1,0,0
2,10,11,Secția Pediatrie,27,16,11,0.605,12.5,5,5,0,0
4,16,8,Secția Ortopedie,20,9,11,0.476,3.4,0,1,0,0
5,7,11,Secția Pediatrie,15,8,7,0.58,2.2,7,4,0,0
0,0,7,Secția Chirurgie,16,11,5,0.717,4.4,2,0,0,0
5,12,5,Secția Cardiologie,25,12,13,0.49,2.6,8,6,0,0
1,0,1,Secția Neurologie,30,18,12,0.621,12.2,7,6,0,0
4,8,9,Secția Ginecologie,18,13,5,0.732,3.3,7,5,0,0
5,20,10,Secția Ortopedie,43,17,26,0.415,9.3,8,2,0,0
2,15,9,Secția Cardiologie,15,7,8,0.493,4.4,4,0,0,0
0,16,3,Secția Neurologie,28,20,8,0.741,7.1,0,5,0,0
3,15,5,Secția ATI,37,29,8,0.798,11.4,8,2,0,1
1,13,9,Secția Ortopedie,35,19,16,0.546,4.2,6,6,0,0
3,7,5,Secția Chirurgie,37,16,21,0.448,11.4,4,2,0,0
5,23,9,Secția Pediatrie,36,12,24,0.347,3.4,1,1,0,0
1,9,2,Secția Ginecologie,49,28,21,0.572,7.4,5,0,0,0
1,1,9,Secția ATI,21,17,4,0.854,13.6,4,2,1,2
1,22,8,Secția ATI,24,18,6,0.767,3.8,6,2,0,1
6,15,6,Secția Ginecologie,12,5,7,0.461,5.3,2,0,0,0
2,12,2,Secția Ginecologie,21,16,5,0.782,11.6,0,0,0,1
6,22,4,Secția Ortopedie,38,25,13,0.665,4.2,0,1,0,0
3,23,2,Secția Cardiologie,40,16,24,0.415,13.2,2,5,0,0
5,1,12,Secția Chirurgie,26,19,7,0.746,7.3,4,1,0,0
2,1,11,Secția Cardiologie,17,11,6,0.661,1.2,4,4,0,0
0,12,4,Secția ATI,12,11,1,0.978,8.6,7,5,1,3
4,4,6,Secția Chirurgie,25,13,12,0.529,9.0,0,0,0,0
2,20,3,Secția Chirurgie,18,10,8,0.594,7.3,5,4,0,0
6,20,6,Secția Ginecologie,22,11,11,0.516,10.4,4,0,0,0
3,22,8,Secția Pediatrie,44,22,22,0.516,10.1,3,4,0,0
1,17,6,Secția Neurologie,39,22,17,0.564,12.9,8,1,0,0
0,16,3,Secția Ginecologie,28,25,3,0.924,11.7,8,2,1,2
3,0,11,Secția Ortopedie,21,16,5,0.774,5.7,3,2,0,1
5,2,11,Secția Ortopedie,22,9,13,0.438,7.8,7,6,0,0
4,4,10,Secția Pediatrie,30,13,17,0.461,2.3,1,0,0,0
6,4,3,Secția ATI,22,14,8,0.657,2.4,3,0,0,0
0,18,11,Secția Ortopedie,41,23,18,0.566,4.3,5,1,0,0
4,22,2,Secția ATI,23,17,6,0.77,9.5,1,3,0,1
6,20,1,Secția Neurologie,45,24,21,0.54,11.7,0,6,0,0
4,8,9,Secția ATI,14,6,8,0.448,11.8,1,1,0,0
4,3,2,Secția Cardiologie,44,26,18,0.591,9.5,2,4,0,0
5,17,7,Secția Chirurgie,50,22,28,0.452,8.5,7,5,0,0
5,13,2,Secția Medicină Internă,21,9,12,0.465,9.5,8,4,0,0
3,11,6,Secția Neurologie,33,16,17,0.506,6.4,6,6,0,0
5,10,10,Secția Cardiologie,46,17,29,0.388,8.2,4,2,0,0
3,14,7,Secția ATI,12,8,4,0.667,13.8,0,4,0,0
1,9,1,Secția Pediatrie,24,18,6,0.773,11.0,4,4,0,1
4,17,10,Secția Medicină Internă,16,10,6,0.652,1.5,5,1,0,0
1,8,6,Secția Cardiologie,24,14,10,0.596,8.4,3,5,0,0
0,23,6,Secția Ginecologie,21,14,7,0.701,7.3,1,4,0,0
5,9,1,Secția Ortopedie,15,9,6,0.601,5.3,6,3,0,0
6,3,4,Secția ATI,50,16,34,0.334,11.1,6,0,0,0
2,16,1,Secția Neurologie,44,26,18,0.602,10.1,2,0,0,0
5,23,7,Secția Ginecologie,48,17,31,0.358,8.5,1,1,0,0
3,9,7,Secția Medicină Internă,18,7,11,0.43,10.7,8,3,0,0
2,2,7,Secția Ortopedie,18,11,7,0.617,10.9,7,4,0,0
1,15,7,Secția Cardiologie,45,22,23,0.504,4.2,1,2,0,0
6,13,6,Secția Chirurgie,17,5,12,0.32,9.7,6,2,0,0
2,6,6,Secția Neurologie,48,18,30,0.385,3.2,5,4,0,0
6,14,10,Secția Medicină Internă,38,12,26,0.33,1.6,3,1,0,0
5,11,3,Secția Chirurgie,17,8,9,0.494,9.1,2,6,0,0
6,9,1,Secția Neurologie,17,7,10,0.461,5.0,7,0,0,0
2,6,12,Secția Cardiologie,23,10,13,0.459,8.1,2,5,0,0
5,21,1,Secția Ortopedie,47,23,24,0.493,12.8,8,0,0,0
2,5,1,Secția Pediatrie,22,15,7,0.691,1.7,0,0,0,0
3,21,5,Secția Neurologie,16,6,10,0.389,1.2,6,1,0,0
3,16,12,Secția Chirurgie,30,16,14,0.539,2.1,3,4,0,0
3,17,12,Secția ATI,12,9,3,0.816,4.2,8,2,1,1
2,15,7,Secția Medicină Internă,11,5,6,0.486,9.1,3,4,0,0
2,1,11,Secția Pediatrie,34,25,9,0.742,12.6,0,4,0,0
2,7,3,Secția Neurologie,35,18,17,0.522,6.0,3,3,0,0
1,18,3,Secția Ortopedie,29,17,12,0.607,12.8,5,3,0,0
4,4,4,Secția Medicină Internă,47,16,31,0.342,12.2,4,5,0,0
5,16,3,Secția Ortopedie,19,8,11,0.445,9.5,2,2,0,0
0,17,9,Secția Chirurgie,21,11,10,0.548,10.5,5,3,0,0
3,9,8,Secția Pediatrie,19,13,6,0.725,11.1,1,1,0,0
1,0,10,Secția Pediatrie,48,27,21,0.571,4.0,0,2,0,0
0,22,8,Secția Medicină Internă,42,23,19,0.564,12.0,7,5,0,0
5,11,3,Secția Ortopedie,41,17,24,0.429,3.9,6,6,0,0
0,8,7,Secția Cardiologie,22,13,9,0.612,10.9,1,1,0,0
3,19,8,Secția Neurologie,39,23,16,0.596,11.1,6,5,0,0
2,12,10,Secția ATI,43,28,15,0.668,2.4,7,6,0,0
0,7,9,Secția Ortopedie,12,6,6,0.515,9.2,0,1,0,0
2,14,7,Secția Pediatrie,28,13,15,0.499,7.0,6,2,0,0
4,1,12,Secția Medicină Internă,39,27,12,0.713,10.4,1,1,0,0
6,18,12,Secția Medicină Internă,35,15,20,0.435,6.4,7,0,0,0
1,14,10,Secția Cardiologie,39,30,9,0.79,9.4,2,5,0,1
5,3,2,Secția Chirurgie,38,23,15,0.607,9.2,1,4,0,0
5,12,12,Secția Medicină Internă,34,19,15,0.566,3.2,5,4,0,0
6,21,3,Secția Medicină Internă,19,8,11,0.439,3.3,0,3,0,0
2,9,12,Secția Ginecologie,28,17,11,0.608,2.7,3,0,0,0
4,8,1,Secția Ginecologie,41,24,17,0.607,12.1,8,6,0,0
0,19,8,Secția Cardiologie,23,11,12,0.484,6.3,1,4,0,0
4,0,4,Secția Pediatrie,49,23,26,0.478,9.2,3,0,0,0
1,4,1,Secția Neurologie,12,9,3,0.769,8.5,4,2,0,1
0,1,2,Secția Ortopedie,21,16,5,0.774,3.1,4,4,0,1
5,22,12,Secția Medicină Internă,39,21,18,0.55,1.5,4,2,0,0
2,12,2,Secția Ortopedie,45,26,19,0.587,1.8,7,1,0,0
0,22,5,Secția Neurologie,43,24,19,0.579,3.7,0,0,0,0
4,23,11,Secția Chirurgie,40,27,13,0.692,10.4,4,3,0,0
4,10,5,Secția Neurologie,18,8,10,0.494,10.5,7,3,0,0
6,5,10,Secția Cardiologie,28,10,18,0.358,13.7,0,0,0,0
0,14,11,Secția Chirurgie,23,21,2,0.937,6.4,5,2,1,2
4,20,4,Secția ATI,50,13,37,0.276,3.6,4,2,0,0
6,2,5,Secția Pediatrie,42,10,32,0.255,2.5,5,2,0,0
3,23,10,Secția ATI,21,13,8,0.637,3.5,5,5,0,0
3,15,1,Secția Medicină Internă,40,30,10,0.775,12.2,5,3,0,1
6,13,12,Secția ATI,43,36,7,0.86,4.9,5,4,1,2
4,0,4,Secția Neurologie,32,19,13,0.612,11.9,5,3,0,0
5,17,3,Secția Ortopedie,21,10,11,0.478,8.7,4,5,0,0
6,10,12,Secția ATI,27,16,11,0.629,4.1,7,6,0,0
2,6,9,Secția Pediatrie,21,13,8,0.622,2.5,0,6,0,0
1,2,8,Secția ATI,40,32,8,0.807,5.4,7,5,1,1
6,16,5,Secția Neurologie,19,8,11,0.461,11.0,1,6,0,0
4,21,3,Secția Cardiologie,12,4,8,0.366,7.8,0,2,0,0
0,21,10,Secția Chirurgie,31,21,10,0.698,7.1,0,0,0,0
4,21,12,Secția Pediatrie,11,6,5,0.558,12.6,5,1,0,0
1,9,5,Secția Neurologie,38,22,16,0.601,9.7,4,1,0,0
1,8,2,Secția ATI,49,41,8,0.848,8.1,8,2,1,1
2,4,12,Secția Pediatrie,46,28,18,0.63,4.2,1,2,0,0
4,10,9,Secția Ginecologie,13,9,4,0.693,9.8,1,3,0,0
0,2,7,Secția Ortopedie,21,14,7,0.699,10.2,7,4,0,0
2,9,6,Secția Cardiologie,44,32,12,0.739,10.9,2,0,0,0
6,22,8,Secția Chirurgie,39,20,19,0.529,5.0,7,3,0,0
1,7,3,Secția Pediatrie,33,16,17,0.505,9.6,5,3,0,0
3,0,2,Secția Ginecologie,17,13,4,0.767,5.6,7,6,0,1
1,9,6,Secția Medicină Internă,42,32,10,0.777,11.4,5,4,0,1
5,2,5,Secția Ginecologie,35,20,15,0.583,8.7,3,4,0,0
1,17,3,Secția Ginecologie,34,24,10,0.725,10.0,6,6,0,0
3,18,6,Secția Cardiologie,21,11,10,0.533,9.6,1,5,0,0
5,18,8,Secția Chirurgie,47,14,33,0.312,2.3,7,1,0,0
2,12,2,Secția Chirurgie,48,30,18,0.64,11.0,6,2,0,0
3,20,11,Secția ATI,15,12,3,0.813,8.5,0,6,1,1
1,21,3,Secția Ginecologie,44,31,13,0.714,4.8,7,1,0,0
1,21,6,Secția Pediatrie,46,29,17,0.65,12.9,6,5,0,0
2,2,10,Secția ATI,49,25,24,0.526,13.8,6,6,0,0
1,9,1,Secția Neurologie,45,33,12,0.755,8.3,5,0,0,1
6,9,1,Secția Cardiologie,37,20,17,0.549,10.1,6,5,0,0
2,22,7,Secția Ortopedie,34,14,20,0.424,3.3,2,1,0,0
4,12,6,Secția Ortopedie,19,11,8,0.583,4.8,2,1,0,0
0,2,11,Secția ATI,19,16,3,0.875,6.7,2,0,1,2
1,20,7,Secția Ginecologie,48,22,26,0.464,13.1,2,3,0,0
4,13,9,Secția Ginecologie,34,18,16,0.553,8.9,7,6,0,0
5,7,12,Secția Pediatrie,36,21,15,0.611,13.0,5,0,0,0
0,18,8,Secția Neurologie,17,5,12,0.332,2.0,8,6,0,0
6,8,8,Secția Chirurgie,43,10,33,0.252,12.6,1,1,0,0
3,20,12,Secția Chirurgie,50,24,26,0.497,9.0,5,4,0,0
6,0,8,Secția Ginecologie,42,15,27,0.361,12.8,5,3,0,0
2,9,5,Secția Medicină Internă,12,5,7,0.495,5.0,4,0,0,0
5,15,10,Secția Medicină Internă,46,15,31,0.348,1.7,4,6,0,0
5,19,1,Secția Pediatrie,41,27,14,0.674,12.1,4,2,0,0
1,19,5,Secția Pediatrie,26,18,8,0.721,1.2,1,4,0,0
1,18,12,Secția Medicină Internă,38,26,12,0.699,11.2,3,3,0,0
1,16,1,Secția Neurologie,15,12,3,0.854,13.6,2,6,1,2
3,13,7,Secția Cardiologie,38,20,18,0.539,8.5,5,0,0,0
5,8,2,Secția ATI,20,12,8,0.628,7.0,7,2,0,0
3,23,9,Secția Cardiologie,34,17,17,0.502,4.4,8,6,0,0
3,0,5,Secția Ginecologie,34,14,20,0.441,9.8,8,5,0,0
0,3,9,Secția Neurologie,37,19,18,0.516,4.5,4,2,0,0
6,3,5,Secția Ortopedie,39,13,26,0.338,11.1,3,5,0,0
5,18,4,Secția Neurologie,21,9,12,0.443,1.1,1,0,0,0
3,3,9,Secția Chirurgie,38,21,17,0.566,5.6,4,2,0,0
1,1,1,Secția Chirurgie,13,11,2,0.913,11.9,1,5,1,2
0,2,10,Secția Medicină Internă,34,19,15,0.584,9.5,2,0,0,0
5,5,5,Secția Pediatrie,39,16,23,0.425,6.9,4,6,0,0
3,22,11,Secția Neurologie,26,15,11,0.61,3.1,1,2,0,0
6,1,7,Secția Ortopedie,31,15,16,0.493,11.6,2,3,0,0
0,15,4,Secția Ortopedie,21,14,7,0.698,9.4,1,1,0,0
4,13,4,Secția Chirurgie,38,22,16,0.588,1.9,4,6,0,0
3,0,8,Secția Medicină Internă,50,22,28,0.445,1.0,0,5,0,0
3,8,3,Secția Neurologie,35,14,21,0.421,13.2,7,3,0,0
3,12,12,Secția Chirurgie,44,27,17,0.635,3.9,6,5,0,0
6,15,2,Secția Neurologie,31,17,14,0.55,9.2,1,2,0,0
4,10,2,Secția Ginecologie,28,16,12,0.59,9.4,2,4,0,0
0,12,11,Secția Cardiologie,29,20,9,0.715,9.2,5,3,0,0
0,20,8,Secția Cardiologie,18,6,12,0.359,1.5,0,5,0,0
4,7,8,Secția Ortopedie,14,7,7,0.546,7.5,7,0,0,0
0,10,1,Secția Neurologie,12,7,5,0.634,6.3,3,6,0,0
5,21,9,Secția Ginecologie,44,23,21,0.544,13.0,0,5,0,0
1,15,11,Secția ATI,40,40,0,1.0,12.8,0,1,1,3
5,20,3,Secția ATI,21,8,13,0.425,11.7,1,3,0,0
4,5,10,Secția Chirurgie,16,5,11,0.357,2.5,3,0,0,0
6,6,7,Secția Neurologie,35,8,27,0.253,8.5,2,2,0,0
6,6,1,Secția Medicină Internă,31,26,5,0.842,1.8,4,1,1,1
6,13,3,Secția Neurologie,45,24,21,0.546,8.6,2,0,0,0
6,20,10,Secția Ortopedie,20,10,10,0.527,1.2,7,0,0,0
0,0,3,Secția Chirurgie,47,34,13,0.744,11.5,7,5,0,0
1,6,3,Secția Pediatrie,43,24,19,0.569,6.9,3,1,0,0
4,22,1,Secția Medicină Internă,41,25,16,0.611,11.7,4,2,0,0
3,0,9,Secția Cardiologie,22,11,11,0.517,2.5,8,0,0,0
4,11,9,Secția Cardiologie,39,24,15,0.622,4.6,3,0,0,0
6,4,11,Secția Ginecologie,41,15,26,0.375,3.3,0,0,0,0
5,11,5,Secția Cardiologie,37,18,19,0.499,12.6,7,0,0,0
0,23,1,Secția Medicină Internă,20,18,2,0.916,11.2,7,4,1,2
0,2,4,Secția Ginecologie,47,25,22,0.54,10.7,5,1,0,0
6,3,6,Secția Cardiologie,16,5,11,0.34,4.1,6,6,0,0
1,12,4,Secția Chirurgie,40,26,14,0.665,6.7,3,4,0,0
3,5,7,Secția Neurologie,18,8,10,0.48,7.0,3,5,0,0
2,8,4,Secția Neurologie,18,12,6,0.702,4.6,1,6,0,0
3,14,7,Secția Medicină Internă,31,18,13,0.581,3.9,4,4,0,0
1,20,10,Secția Medicină Internă,46,40,6,0.882,2.1,8,3,1,2
6,6,10,Secția Ginecologie,39,15,24,0.406,4.6,6,5,0,0
6,7,4,Secția Neurologie,37,8,29,0.228,8.7,2,4,0,0
0,13,1,Secția ATI,40,33,7,0.829,10.5,8,0,1,1
3,16,7,Secția Ginecologie,16,7,9,0.465,8.3,0,5,0,0
5,13,4,Secția Medicină Internă,32,16,16,0.526,4.8,1,0,0,0
3,21,5,Secția Medicină Internă,39,26,13,0.675,1.3,7,3,0,0
6,4,12,Secția Ortopedie,21,8,13,0.395,11.3,5,5,0,0
3,22,11,Secția ATI,50,50,0,1.0,5.3,0,2,1,3
3,8,12,Secția Cardiologie,15,11,4,0.759,9.1,5,5,0,1
0,16,11,Secția Neurologie,13,11,2,0.888,9.0,5,2,1,2
1,20,9,Secția Chirurgie,45,32,13,0.724,10.2,3,1,0,0
2,7,9,Secția Chirurgie,40,21,19,0.534,12.3,3,6,0,0
5,7,6,Secția Neurologie,27,5,22,0.2,7.5,6,2,0,0
0,2,6,Secția Neurologie,38,17,21,0.454,2.6,8,5,0,0
6,17,5,Secția Ginecologie,49,22,27,0.463,5.8,1,1,0,0
3,2,2,Secția Ortopedie,21,12,9,0.578,2.4,4,0,0,0
5,4,8,Secția Medicină Internă,23,15,8,0.692,7.8,0,2,0,0
3,21,9,Secția Medicină Internă,40,19,21,0.476,9.4,4,1,0,0
0,0,4,Secția Neurologie,36,27,9,0.757,8.5,5,3,0,1
4,21,12,Secția Ginecologie,39,24,15,0.629,11.3,2,6,0,0
2,7,8,Secția Neurologie,28,15,13,0.56,11.0,0,1,0,0
2,9,8,Secția Medicină Internă,49,32,17,0.668,4.7,2,6,0,0
5,22,11,Secția Medicină Internă,20,9,11,0.463,4.1,0,2,0,0
4,4,8,Secția Pediatrie,33,18,15,0.562,1.5,5,2,0,0
1,11,8,Secția Medicină Internă,44,34,10,0.791,4.9,0,3,0,1
3,4,8,Secția Neurologie,19,13,6,0.696,13.7,5,5,0,0
5,9,8,Secția Pediatrie,46,18,28,0.405,9.7,7,2,0,0
5,3,12,Secția Ginecologie,12,7,5,0.647,5.0,6,4,0,0
6,7,8,Secția Neurologie,15,7,8,0.517,5.2,3,4,0,0
4,7,5,Secția Cardiologie,11,8,3,0.752,9.8,1,4,0,1
3,6,8,Secția Neurologie,48,29,19,0.617,8.9,0,5,0,0
2,12,3,Secția Ortopedie,33,19,14,0.586,5.5,4,3,0,0
6,17,2,Secția Cardiologie,38,21,17,0.562,10.6,6,6,0,0
3,9,3,Secția Ortopedie,36,23,13,0.652,2.1,3,2,0,0
3,16,6,Secția Chirurgie,47,31,16,0.673,10.8,1,0,0,0
3,20,5,Secția Ortopedie,21,7,14,0.373,10.8,2,1,0,0
1,12,5,Secția Ginecologie,12,7,5,0.635,11.7,4,6,0,0
4,9,8,Secția Ginecologie,24,12,12,0.508,4.4,7,0,0,0
5,21,5,Secția Ortopedie,21,9,12,0.451,7.4,3,0,0,0
0,8,8,Secția Chirurgie,48,28,20,0.596,8.4,4,5,0,0
5,15,12,Secția Chirurgie,33,14,19,0.442,7.7,0,6,0,0
2,5,10,Secția ATI,19,11,8,0.596,2.8,2,0,0,0
2,11,7,Secția Neurologie,13,10,3,0.773,4.8,8,5,0,1
0,16,4,Secția Medicină Internă,16,10,6,0.641,5.2,5,6,0,0
6,21,5,Secția Pediatrie,33,13,20,0.408,2.2,5,6,0,0
1,0,3,Secția Pediatrie,33,22,11,0.672,13.0,2,0,0,0
1,4,9,Secția Cardiologie,22,11,11,0.528,11.3,8,4,0,0
5,16,9,Secția Chirurgie,36,16,20,0.454,11.6,0,3,0,0
2,9,12,Secția Neurologie,18,11,7,0.662,11.6,8,6,0,0
2,5,12,Secția Pediatrie,11,7,4,0.648,2.7,2,5,0,0
1,9,3,Secția Cardiologie,18,10,8,0.59,13.8,6,5,0,0
6,3,2,Secția ATI,40,28,12,0.702,2.4,8,4,0,0
0,15,2,Secția Pediatrie,12,9,3,0.765,1.9,0,6,0,1
0,3,10,Secția Cardiologie,47,33,14,0.712,5.6,1,1,0,0
6,23,5,Secția Neurologie,32,12,20,0.405,3.1,8,6,0,0
5,19,4,Secția Chirurgie,16,8,8,0.536,7.9,3,2,0,0
1,17,1,Secția Chirurgie,23,13,10,0.565,13.0,7,2,0,0
5,18,3,Secția Ginecologie,16,7,9,0.497,5.9,3,4,0,0
1,13,2,Secția Neurologie,17,15,2,0.902,7.1,8,1,1,2
3,11,12,Secția Pediatrie,45,31,14,0.691,7.4,6,2,0,0
3,19,12,Secția Pediatrie,38,22,16,0.601,3.9,6,2,0,0
6,13,4,Secția Chirurgie,40,24,16,0.607,1.2,7,5,0,0
0,12,8,Secția Chirurgie,17,10,7,0.607,2.9,6,5,0,0
4,3,12,Secția Medicină Internă,14,8,6,0.598,3.6,6,0,0,0
1,13,12,Secția Ginecologie,27,23,4,0.86,10.9,4,6,1,2
6,20,7,Secția Neurologie,40,10,30,0.253,13.8,8,2,0,0
1,14,2,Secția Chirurgie,26,14,12,0.545,7.4,3,5,0,0
1,0,2,Secția ATI,14,12,2,0.872,3.3,5,1,1,2
2,19,10,Secția Chirurgie,14,7,7,0.55,9.6,8,6,0,0
3,14,4,Secția Pediatrie,41,20,21,0.507,5.5,8,4,0,0
0,1,7,Secția Chirurgie,34,20,14,0.606,6.9,6,3,0,0
3,1,1,Secția Medicină Internă,45,24,21,0.538,12.5,2,3,0,0
3,4,5,Secția Ortopedie,41,15,26,0.374,10.9,7,5,0,0
4,21,9,Secția Ginecologie,40,19,21,0.485,1.7,4,3,0,0
4,12,10,Secția Neurologie,28,16,12,0.573,5.2,0,4,0,0
0,4,6,Secția Neurologie,47,39,8,0.849,5.4,1,3,1,1
2,11,7,Secția Neurologie,13,7,6,0.593,9.6,3,1,0,0
5,9,10,Secția Chirurgie,14,6,8,0.49,3.2,8,2,0,0
0,14,11,Secția Ortopedie,46,34,12,0.757,7.7,6,2,0,1
0,22,8,Secția ATI,30,19,11,0.664,8.4,7,0,0,0
5,21,4,Secția Neurologie,41,21,20,0.533,7.5,5,1,0,0
4,9,6,Secția Ortopedie,22,5,17,0.267,11.2,8,1,0,0
2,8,1,Secția Pediatrie,46,30,16,0.654,6.2,3,4,0,0
5,2,12,Secția Chirurgie,47,24,23,0.527,11.4,7,3,0,0
1,11,2,Secția Pediatrie,42,35,7,0.838,11.5,6,5,1,1
4,10,4,Secția Ortopedie,35,20,15,0.599,9.7,8,1,0,0
0,20,12,Secția Medicină Internă,46,41,5,0.894,7.5,7,2,1,2
5,17,10,Secția Ortopedie,46,20,26,0.444,3.6,7,1,0,0
1,4,12,Secția Pediatrie,37,26,11,0.708,6.3,1,5,0,0
1,13,5,Secția Pediatrie,20,13,7,0.693,6.3,1,1,0,0
1,0,4,Secția Pediatrie,39,31,8,0.813,7.3,6,3,1,1
5,1,4,Secția Medicină Internă,27,13,14,0.511,11.4,8,1,0,0
5,1,12,Secția Ginecologie,11,6,5,0.62,1.7,1,2,0,0
4,9,2,Secția Ortopedie,33,17,16,0.532,6.2,2,1,0,0
0,18,12,Secția Chirurgie,43,22,21,0.53,9.6,8,2,0,0
3,2,4,Secția Chirurgie,30,14,16,0.474,6.1,3,3,0,0
1,4,2,Secția Medicină Internă,23,20,3,0.89,13.6,7,3,1,2
2,18,1,Secția Ginecologie,44,19,25,0.444,5.1,6,3,0,0
5,7,5,Secția Medicină Internă,33,21,12,0.657,7.2,5,6,0,0
2,0,11,Secția ATI,13,9,4,0.723,4.1,8,3,0,0
2,20,12,Secția Neurologie,17,7,10,0.453,8.0,3,6,0,0
3,12,1,Secția Ortopedie,26,15,11,0.611,10.8,4,1,0,0
6,5,8,Secția Neurologie,36,24,12,0.667,11.3,4,6,0,0
0,15,8,Secția Ortopedie,31,18,13,0.6,11.7,2,5,0,0
2,16,2,Secția Neurologie,36,16,20,0.46,8.8,8,5,0,0
2,14,12,Secția ATI,13,10,3,0.802,6.8,2,0,1,1
3,6,11,Secția Pediatrie,30,17,13,0.591,8.5,1,1,0,0
1,16,12,Secția Medicină Internă,48,34,14,0.716,5.2,7,6,0,0
5,4,5,Secția Medicină Internă,47,11,36,0.254,11.7,4,1,0,0
0,13,6,Secția Medicină Internă,35,29,6,0.856,12.5,3,0,1,2
0,17,11,Secția Cardiologie,15,8,7,0.548,13.7,3,2,0,0
5,5,1,Secția Ortopedie,49,22,27,0.466,2.2,5,1,0,0
4,3,1,Secția Ortopedie,39,26,13,0.69,11.8,7,0,0,0
1,22,4,Secția Cardiologie,27,16,11,0.617,2.7,3,4,0,0
1,9,12,Secția Cardiologie,36,31,5,0.886,3.3,2,0,1,2
2,8,4,Secția Ginecologie,25,10,15,0.426,7.0,0,3,0,0
1,10,12,Secția Ortopedie,23,21,2,0.933,10.3,6,5,1,2
4,8,2,Secția Chirurgie,45,33,12,0.751,4.1,5,4,0,1
5,19,12,Secția ATI,10,7,3,0.739,4.3,6,2,0,0
3,21,6,Secția Medicină Internă,45,25,20,0.573,3.2,7,2,0,0
3,4,2,Secția Neurologie,43,28,15,0.669,6.6,4,0,0,0
2,1,3,Secția Ginecologie,27,14,13,0.546,4.7,4,4,0,0
6,8,9,Secția Neurologie,37,6,31,0.176,12.6,5,5,0,0
3,4,9,Secția Ginecologie,13,7,6,0.565,3.4,7,2,0,0
1,22,8,Secția Ortopedie,17,10,7,0.637,13.9,7,0,0,0
3,11,12,Secția Ginecologie,39,18,21,0.468,12.3,1,2,0,0
0,6,5,Secția Medicină Internă,20,13,7,0.66,10.7,4,4,0,0
5,18,4,Secția ATI,43,26,17,0.608,13.0,3,6,0,0
3,21,2,Secția Neurologie,11,6,5,0.575,4.7,1,3,0,0
2,18,2,Secția Neurologie,19,14,5,0.781,10.2,7,3,0,1
5,8,10,Secția ATI,31,19,12,0.624,13.6,7,2,0,0
5,23,10,Secția Medicină Internă,23,13,10,0.591,4.7,0,5,0,0
0,17,10,Secția Ortopedie,15,7,8,0.487,6.2,2,1,0,0
6,12,2,Secția ATI,23,19,4,0.859,4.7,2,0,1,2
2,15,7,Secția Pediatrie,48,34,14,0.728,2.7,1,6,0,0
2,16,4,Secția Ginecologie,38,26,12,0.703,8.3,6,0,0,0
6,13,6,Secția Medicină Internă,37,13,24,0.36,9.2,1,0,0,0
4,10,8,Secția Cardiologie,19,12,7,0.683,9.4,1,2,0,0
3,13,2,Secția Ginecologie,29,18,11,0.638,2.9,2,5,0,0
2,7,9,Secția Ortopedie,28,11,17,0.412,12.9,8,0,0,0
4,13,7,Secția Chirurgie,39,18,21,0.487,9.6,4,2,0,0
2,18,2,Secția ATI,17,13,4,0.792,11.2,6,0,0,1
0,13,12,Secția Pediatrie,30,19,11,0.666,8.6,7,6,0,0
5,14,10,Secția Pediatrie,31,22,9,0.738,3.4,2,0,0,0
5,19,5,Secția Chirurgie,37,14,23,0.4,7.9,0,3,0,0
0,0,3,Secția Ginecologie,39,21,18,0.564,13.6,7,2,0,0
4,19,6,Secția Ortopedie,29,7,22,0.274,2.1,2,0,0,0
1,3,1,Secția Cardiologie,11,8,3,0.794,9.4,6,6,0,1
5,17,4,Secția Chirurgie,29,17,12,0.618,11.0,2,3,0,0
3,0,2,Secția Medicină Internă,19,12,7,0.641,7.3,0,6,0,0
3,18,4,Secția Cardiologie,28,11,17,0.42,8.4,6,0,0,0
2,0,2,Secția Ortopedie,36,27,9,0.764,8.7,8,2,0,1
0,15,7,Secția Ginecologie,42,20,22,0.49,8.7,7,1,0,0
5,1,9,Secția ATI,37,17,20,0.465,4.5,6,3,0,0
0,15,10,Secția Neurologie,38,23,15,0.63,10.1,0,1,0,0
2,23,4,Secția Ginecologie,32,13,19,0.418,8.6,5,4,0,0
6,22,11,Secția Ginecologie,18,10,8,0.604,12.5,6,3,0,0
6,21,11,Secția Neurologie,40,24,16,0.621,9.1,4,5,0,0
5,2,11,Secția Ginecologie,18,5,13,0.33,3.3,2,4,0,0
3,3,7,Secția Ginecologie,29,14,15,0.515,14.0,5,2,0,0
2,21,3,Secția Medicină Internă,42,29,13,0.702,1.4,1,2,0,0
3,3,10,Secția Cardiologie,17,7,10,0.422,13.9,5,6,0,0
0,17,5,Secția Medicină Internă,42,25,17,0.597,8.9,1,5,0,0
0,14,8,Secția Chirurgie,16,10,6,0.683,12.2,1,6,0,0
4,1,9,Secția Chirurgie,20,7,13,0.389,9.2,3,2,0,0
1,23,5,Secția Ginecologie,42,17,25,0.407,3.0,5,2,0,0
6,4,2,Secția Cardiologie,38,20,18,0.552,13.6,0,1,0,0
6,15,6,Secția Pediatrie,42,20,22,0.495,10.3,6,2,0,0
5,21,4,Secția Medicină Internă,43,22,21,0.533,6.5,3,1,0,0
6,13,7,Secția Ortopedie,39,22,17,0.588,9.9,0,3,0,0
1,0,12,Secția Chirurgie,15,10,5,0.707,5.4,6,6,0,0
1,13,1,Secția Ortopedie,12,8,4,0.708,12.7,0,5,0,0
5,21,9,Secția Pediatrie,36,10,26,0.305,6.2,8,6,0,0
2,23,12,Secția Neurologie,32,23,9,0.747,7.9,2,5,0,0
3,14,11,Secția Cardiologie,44,31,13,0.705,9.1,7,5,0,0
2,20,7,Secția Cardiologie,29,18,11,0.629,6.1,2,4,0,0
4,9,4,Secția Chirurgie,42,26,16,0.625,8.2,8,2,0,0
6,20,3,Secția ATI,11,7,4,0.715,4.4,4,5,0,0
3,16,2,Secția ATI,33,24,9,0.755,4.4,8,2,0,1
0,1,11,Secția Chirurgie,38,26,12,0.692,6.9,3,6,0,0
5,18,10,Secția Cardiologie,32,20,12,0.637,4.9,2,5,0,0
3,16,12,Secția Cardiologie,16,10,6,0.625,11.7,5,3,0,0
0,4,12,Secția Ortopedie,36,32,4,0.89,2.1,0,3,1,2
1,15,4,Secția Ginecologie,14,8,6,0.6,8.6,8,6,0,0
3,8,10,Secția Ginecologie,50,32,18,0.657,6.5,7,5,0,0
3,23,7,Secția Medicină Internă,19,6,13,0.362,7.0,8,6,0,0
4,3,12,Secția Cardiologie,39,25,14,0.645,7.2,2,4,0,0
2,3,10,Secția Ortopedie,17,11,6,0.663,1.5,2,0,0,0
2,9,6,Secția Pediatrie,28,17,11,0.608,7.3,2,1,0,0
6,18,7,Secția ATI,29,17,12,0.614,11.6,7,0,0,0
0,17,6,Secția Chirurgie,12,6,6,0.546,6.4,4,4,0,0
3,10,7,Secția Ginecologie,48,28,20,0.594,9.3,7,5,0,0
3,4,12,Secția Neurologie,15,10,5,0.699,11.4,6,3,0,0
1,12,6,Secția ATI,38,29,9,0.785,12.3,0,4,0,1
5,22,5,Secția Chirurgie,45,12,33,0.278,2.1,8,4,0,0
6,1,10,Secția Cardiologie,40,17,23,0.427,9.6,8,1,0,0
0,8,4,Secția Cardiologie,47,30,17,0.65,6.8,8,4,0,0
2,12,10,Secția ATI,41,31,10,0.767,6.7,6,0,0,1
6,16,6,Secția Ortopedie,26,11,15,0.43,2.2,1,4,0,0
1,9,3,Secția Medicină Internă,26,17,9,0.658,13.4,2,0,0,0
4,10,3,Secția ATI,13,8,5,0.681,4.9,1,2,0,0
1,13,6,Secția Pediatrie,34,30,4,0.89,1.7,3,6,1,2
4,18,4,Secția Ginecologie,42,19,23,0.458,10.8,6,0,0,0
2,1,6,Secția Ginecologie,45,17,28,0.385,6.3,3,0,0,0
2,17,10,Secția Chirurgie,25,15,10,0.626,10.9,2,2,0,0
4,13,8,Secția Chirurgie,50,17,33,0.34,2.9,8,1,0,0
6,7,9,Secția Ortopedie,45,20,25,0.449,6.9,0,6,0,0
3,19,5,Secția Medicină Internă,10,8,2,0.802,4.6,4,6,1,1
5,12,6,Secția Cardiologie,47,25,22,0.55,11.9,4,0,0,0
1,23,9,Secția Chirurgie,29,23,6,0.807,11.8,8,2,1,1
3,6,10,Secția Neurologie,31,20,11,0.649,9.3,7,2,0,0
1,21,6,Secția Neurologie,23,10,13,0.443,1.2,2,5,0,0
0,19,8,Secția ATI,10,7,3,0.791,9.7,6,4,0,1
5,22,8,Secția Ortopedie,44,27,17,0.614,9.5,8,0,0,0
6,21,8,Secția Chirurgie,32,16,16,0.52,13.6,6,6,0,0
4,11,7,Secția Medicină Internă,10,6,4,0.632,3.5,0,1,0,0
5,0,5,Secția Neurologie,22,11,11,0.532,2.2,4,6,0,0
5,7,4,Secția Ginecologie,33,19,14,0.586,10.2,3,0,0,0
1,20,7,Secția Chirurgie,27,17,10,0.632,8.4,7,1,0,0
4,6,11,Secția Medicină Internă,14,6,8,0.481,2.7,3,4,0,0
5,8,4,Secția ATI,44,21,23,0.495,9.0,8,3,0,0
0,13,11,Secția ATI,30,17,13,0.593,4.6,8,3,0,0
3,11,9,Secția ATI,24,21,3,0.911,1.6,6,4,1,2
3,10,1,Secția Ortopedie,22,12,10,0.575,11.5,3,5,0,0
3,2,4,Secția Cardiologie,20,15,5,0.763,5.3,1,5,0,1
5,3,1,Secția Ginecologie,37,22,15,0.607,9.1,5,6,0,0
2,7,2,Secția Ginecologie,25,12,13,0.5,13.5,0,6,0,0
2,16,4,Secția Chirurgie,48,21,27,0.451,9.1,1,0,0,0
0,1,7,Secția Neurologie,14,6,8,0.461,11.2,0,6,0,0
3,1,5,Secția Ortopedie,14,8,6,0.583,1.7,6,3,0,0
0,19,7,Secția Cardiologie,48,29,19,0.624,11.2,0,3,0,0
3,14,7,Secția Chirurgie,31,13,18,0.445,1.3,8,2,0,0
4,6,2,Secția Chirurgie,10,5,5,0.504,8.7,1,4,0,0
6,6,10,Secția Medicină Internă,50,16,34,0.338,7.3,7,1,0,0
1,4,1,Secția ATI,18,16,2,0.894,5.1,6,4,1,2
5,11,5,Secția Medicină Internă,19,6,13,0.34,4.8,0,4,0,0
4,21,11,Secția Medicină Internă,13,8,5,0.681,4.1,8,6,0,0
0,13,6,Secția Cardiologie,22,13,9,0.599,1.9,3,5,0,0
3,22,12,Secția Ginecologie,48,28,20,0.588,10.0,5,4,0,0
2,13,6,Secția Medicină Internă,16,5,11,0.347,1.5,3,0,0,0
5,7,12,Secția Cardiologie,39,23,16,0.61,9.1,3,3,0,0
5,10,12,Secția Ortopedie,23,9,14,0.418,1.1,0,0,0,0
2,0,9,Secția Chirurgie,19,12,7,0.682,4.8,3,5,0,0
4,11,1,Secția ATI,22,19,3,0.874,12.5,2,2,1,2
6,17,4,Secția Medicină Internă,22,11,11,0.52,1.3,4,0,0,0
0,21,3,Secția Ortopedie,17,10,7,0.607,6.9,5,6,0,0
2,21,3,Secția Ortopedie,14,8,6,0.62,2.5,2,6,0,0
1,6,9,Secția Ortopedie,33,19,14,0.597,9.3,0,6,0,0
4,18,4,Secția Pediatrie,19,12,7,0.666,5.3,0,5,0,0
6,8,3,Secția Ginecologie,23,9,14,0.42,11.3,1,1,0,0
4,12,11,Secția Neurologie,41,20,21,0.492,7.7,2,2,0,0
5,11,9,Secția Ginecologie,41,14,27,0.344,9.3,0,1,0,0
1,6,8,Secția Cardiologie,35,21,14,0.626,3.8,6,3,0,0
4,5,6,Secția Pediatrie,45,30,15,0.673,4.8,8,2,0,0
1,18,1,Secția Ginecologie,42,35,7,0.852,9.1,6,3,1,2
3,13,7,Secția Neurologie,41,20,21,0.502,3.3,3,2,0,0
5,2,6,Secția Chirurgie,28,14,14,0.508,12.0,8,4,0,0
5,2,5,Secția Cardiologie,16,8,8,0.533,8.1,5,1,0,0
5,10,5,Secția Pediatrie,27,15,12,0.577,3.5,2,6,0,0
6,22,12,Secția Pediatrie,10,5,5,0.562,5.5,6,3,0,0
6,18,11,Secția ATI,40,24,16,0.603,9.5,2,6,0,0
3,7,4,Secția Cardiologie,40,22,18,0.566,8.2,7,5,0,0
6,14,6,Secția Chirurgie,30,18,12,0.609,12.0,6,6,0,0
5,13,4,Secția Ginecologie,38,19,19,0.518,2.8,2,2,0,0
5,0,8,Secția Neurologie,31,11,20,0.376,3.9,6,5,0,0
6,12,12,Secția Pediatrie,30,14,16,0.467,1.4,2,1,0,0
2,18,11,Secția Ortopedie,34,19,15,0.569,3.7,6,0,0,0
4,12,4,Secția Ginecologie,16,7,9,0.454,9.3,4,0,0,0
1,3,11,Secția Medicină Internă,12,12,0,1.0,11.7,7,0,1,3
1,6,2,Secția Ortopedie,28,21,7,0.777,7.8,7,0,0,1
2,16,1,Secția Medicină Internă,30,23,7,0.796,12.2,6,3,0,1
1,3,3,Secția Ortopedie,40,25,15,0.645,12.7,3,1,0,0
6,6,5,Secția Ortopedie,40,13,27,0.331,3.1,4,4,0,0
1,16,12,Secția Ginecologie,27,24,3,0.91,6.8,6,4,1,2
6,7,9,Secția Neurologie,46,36,10,0.802,12.4,7,3,1,1
4,1,12,Secția Chirurgie,28,13,15,0.487,5.5,4,3,0,0
4,5,7,Secția Cardiologie,21,6,15,0.286,12.7,6,3,0,0
3,21,3,Secția Chirurgie,35,18,17,0.539,12.5,2,2,0,0
5,17,5,Secția Chirurgie,23,9,14,0.416,12.8,6,6,0,0
4,3,6,Secția Chirurgie,16,4,12,0.291,6.3,2,2,0,0
1,16,1,Secția Ginecologie,11,8,3,0.794,2.0,7,3,0,1
2,23,7,Secția Cardiologie,35,20,15,0.589,10.2,2,2,0,0
5,23,8,Secția Ginecologie,39,16,23,0.421,1.9,8,5,0,0
1,22,8,Secția Medicină Internă,40,27,13,0.699,3.2,0,4,0,0
0,5,5,Secția Chirurgie,44,19,25,0.442,10.6,2,0,0,0
5,0,11,Secția Pediatrie,19,9,10,0.48,10.3,8,1,0,0
3,22,1,Secția Chirurgie,34,23,11,0.677,10.0,7,0,0,0
4,0,1,Secția Ortopedie,22,16,6,0.755,4.1,1,0,0,1
3,0,1,Secția Neurologie,22,13,9,0.6,9.8,1,1,0,0
0,21,3,Secția Medicină Internă,12,7,5,0.601,5.3,8,5,0,0
1,19,4,Secția Ortopedie,37,25,12,0.679,2.6,3,0,0,0
2,10,3,Secția ATI,35,25,10,0.739,3.8,3,0,0,0
5,8,11,Secția Neurologie,12,6,6,0.535,1.9,3,3,0,0
2,19,8,Secția Chirurgie,44,25,19,0.57,8.4,4,0,0,0
4,10,11,Secția Ortopedie,18,7,11,0.438,5.3,5,6,0,0
5,15,2,Secția Neurologie,11,5,6,0.476,6.0,3,4,0,0
4,22,1,Secția Cardiologie,11,6,5,0.55,9.0,1,2,0,0
1,23,7,Secția Cardiologie,49,32,17,0.657,7.5,3,1,0,0
3,6,11,Secția ATI,25,20,5,0.831,13.0,7,5,1,1
2,4,5,Secția Neurologie,12,2,10,0.222,9.4,4,6,0,0
0,7,12,Secția Neurologie,31,21,10,0.707,4.1,8,0,0,0
5,7,11,Secția Cardiologie,48,31,17,0.652,3.4,0,0,0,0
6,15,2,Secția Cardiologie,13,6,7,0.496,9.2,2,1,0,0
1,2,3,Secția Cardiologie,25,13,12,0.524,7.1,2,5,0,0
1,7,7,Secția Medicină Internă,48,28,20,0.594,4.2,4,4,0,0
3,20,4,Secția Pediatrie,40,33,7,0.832,6.2,2,3,1,1
3,13,9,Secția Ortopedie,19,14,5,0.755,11.7,7,0,0,1
6,12,7,Secția Chirurgie,29,11,18,0.393,10.4,4,3,0,0
3,9,8,Secția Pediatrie,34,15,19,0.461,8.3,7,0,0,0
2,4,12,Secția Ginecologie,22,15,7,0.694,1.2,8,5,0,0
5,11,8,Secția Ortopedie,36,18,18,0.514,13.2,5,3,0,0
3,9,11,Secția Chirurgie,36,33,3,0.931,2.6,2,1,1,2
6,13,5,Secția Neurologie,42,10,32,0.252,10.2,5,5,0,0
0,20,7,Secția Ortopedie,25,15,10,0.602,11.6,0,5,0,0
5,20,3,Secția Pediatrie,48,23,25,0.482,6.9,2,2,0,0
1,19,10,Secția Medicină Internă,10,6,4,0.689,10.3,6,3,0,0
5,18,2,Secția Cardiologie,37,21,16,0.585,3.2,6,2,0,0
5,9,9,Secția Ortopedie,47,19,28,0.406,12.4,1,0,0,0
5,18,6,Secția Medicină Internă,27,13,14,0.515,10.7,6,5,0,0
2,0,3,Secția Ginecologie,10,7,3,0.72,6.4,6,5,0,0
2,23,7,Secția Medicină Internă,21,12,9,0.618,5.9,2,1,0,0
3,5,9,Secția Chirurgie,38,18,20,0.474,3.6,2,6,0,0
6,6,5,Secția Ortopedie,38,15,23,0.416,9.1,1,6,0,0
5,5,2,Secția Pediatrie,15,7,8,0.481,5.4,3,3,0,0
3,21,2,Secția ATI,13,11,2,0.867,4.5,0,5,1,2
4,1,2,Secția Cardiologie,43,29,14,0.68,7.8,4,3,0,0
3,10,10,Secția Ortopedie,31,15,16,0.488,5.8,5,2,0,0
6,7,6,Secția Ortopedie,34,5,29,0.149,12.4,1,0,0,0
3,22,7,Secția Medicină Internă,11,3,8,0.291,8.8,8,2,0,0
5,7,6,Secția Ginecologie,49,14,35,0.305,7.7,3,0,0,0
5,10,1,Secția Neurologie,12,4,8,0.377,13.6,5,5,0,0
3,7,10,Secția Ginecologie,35,18,17,0.536,5.5,7,5,0,0
6,22,2,Secția Ortopedie,28,9,19,0.337,8.9,2,6,0,0
4,18,12,Secția ATI,18,13,5,0.749,11.8,8,6,0,0
3,5,8,Secția Chirurgie,40,20,20,0.501,9.6,3,1,0,0
1,5,11,Secția Chirurgie,16,9,7,0.575,3.1,5,3,0,0
6,8,4,Secția Pediatrie,40,21,19,0.526,13.4,1,5,0,0
1,17,11,Secția Ginecologie,15,11,4,0.78,3.9,1,5,0,1
2,12,12,Secția Ortopedie,45,26,19,0.596,13.6,6,6,0,0
1,7,5,Secția Chirurgie,28,19,9,0.694,10.6,3,5,0,0
0,18,6,Secția Medicină Internă,30,18,12,0.627,13.4,0,2,0,0
0,18,9,Secția Cardiologie,34,25,9,0.754,5.7,2,4,0,1
5,19,10,Secția Cardiologie,16,6,10,0.437,6.1,8,6,0,0
3,10,3,Secția Pediatrie,24,11,13,0.468,8.8,2,5,0,0
5,22,1,Secția Neurologie,29,15,14,0.55,7.5,1,2,0,0
6,22,10,Secția Ginecologie,50,25,25,0.517,10.2,6,0,0,0
6,10,3,Secția Cardiologie,24,9,15,0.377,10.1,0,6,0,0
6,5,8,Secția Ortopedie,29,16,13,0.575,12.0,0,4,0,0
3,10,7,Secția Ginecologie,32,17,15,0.533,10.9,6,0,0,0
4,23,5,Secția Pediatrie,22,11,11,0.504,2.3,5,6,0,0
6,18,1,Secția Pediatrie,39,15,24,0.406,9.5,2,3,0,0
5,15,5,Secția Medicină Internă,23,12,11,0.54,10.6,0,2,0,0
5,18,2,Secția Medicină Internă,34,25,9,0.745,13.4,6,5,0,0
6,5,1,Secția Chirurgie,32,19,13,0.625,1.7,8,5,0,0
2,18,7,Secția Medicină Internă,50,24,26,0.488,10.4,3,0,0,0
0,7,7,Secția Ginecologie,29,14,15,0.487,9.5,6,6,0,0
5,21,11,Secția Chirurgie,39,10,29,0.274,12.2,6,2,0,0
5,20,8,Secția Neurologie,10,4,6,0.436,7.4,8,1,0,0
0,18,10,Secția Ginecologie,27,18,9,0.684,10.0,1,6,0,0
4,5,7,Secția Ginecologie,37,17,20,0.481,5.2,8,1,0,0
3,22,1,Secția Ortopedie,45,31,14,0.709,11.6,8,3,0,0
0,16,10,Secția Chirurgie,23,21,2,0.95,3.3,2,0,1,3
4,14,6,Secția Chirurgie,12,5,7,0.495,2.7,3,5,0,0
1,2,9,Secția Pediatrie,12,8,4,0.703,4.9,8,1,0,0
3,21,1,Secția Cardiologie,29,19,10,0.681,1.6,8,6,0,0
2,21,9,Secția Ginecologie,18,6,12,0.386,7.8,5,4,0,0
4,16,4,Secția Chirurgie,12,6,6,0.514,4.1,3,1,0,0
2,6,3,Secția Cardiologie,47,23,24,0.51,9.1,1,4,0,0
2,8,7,Secția Medicină Internă,35,19,16,0.549,6.9,4,5,0,0
3,22,3,Secția Cardiologie,14,6,8,0.485,9.2,3,5,0,0
2,18,11,Secția Medicină Internă,36,20,16,0.581,11.7,5,6,0,0
3,12,1,Secția Cardiologie,14,9,5,0.681,9.9,6,0,0,0
2,20,2,Secția Neurologie,31,24,7,0.797,11.1,2,6,0,1
6,7,5,Secția ATI,16,5,11,0.374,5.9,1,6,0,0
0,5,9,Secția Pediatrie,47,40,7,0.87,11.7,7,0,1,2
4,11,12,Secția Pediatrie,45,31,14,0.693,1.6,5,6,0,0
3,5,6,Secția Ortopedie,40,22,18,0.554,8.7,4,0,0,0
5,16,12,Secția Medicină Internă,18,12,6,0.697,4.5,5,5,0,0
6,7,11,Secția Ortopedie,39,26,13,0.671,3.4,5,6,0,0
3,16,5,Secția Pediatrie,37,15,22,0.411,13.0,3,2,0,0
5,2,5,Secția Ortopedie,30,12,18,0.425,12.0,1,0,0,0
5,7,2,Secția Medicină Internă,46,33,13,0.735,8.2,7,6,0,0
6,0,7,Secția Medicină Internă,40,18,22,0.47,7.5,8,5,0,0
0,12,1,Secția Cardiologie,10,7,3,0.758,10.7,3,5,0,1
5,16,11,Secția ATI,48,27,21,0.568,6.8,2,5,0,0
6,16,4,Secția Medicină Internă,14,6,8,0.457,5.6,0,3,0,0
3,12,3,Secția Neurologie,17,11,6,0.648,5.4,3,6,0,0
4,3,5,Secția Pediatrie,40,21,19,0.528,10.6,6,1,0,0
2,20,9,Secția ATI,39,30,9,0.78,12.6,7,0,0,1
2,0,10,Secția Ginecologie,31,16,15,0.533,5.5,2,3,0,0
2,0,2,Secția Ortopedie,41,28,13,0.705,3.6,8,4,0,0
1,13,2,Secția Ginecologie,10,8,2,0.898,3.9,6,2,1,2
2,11,7,Secția Medicină Internă,44,30,14,0.696,11.6,1,3,0,0
5,14,3,Secția Medicină Internă,32,15,17,0.5,12.5,3,0,0,0
1,9,1,Secția Medicină Internă,35,25,10,0.737,6.5,5,0,0,0
1,21,4,Secția Ginecologie,27,20,7,0.752,7.4,2,2,0,1
6,12,9,Secția Ortopedie,18,10,8,0.594,2.4,1,6,0,0
0,4,3,Secția Neurologie,42,34,8,0.832,1.7,5,3,1,1
4,23,1,Secția Ortopedie,40,26,14,0.666,4.8,7,0,0,0
6,13,4,Secția Medicină Internă,42,22,20,0.538,2.5,4,5,0,0
1,21,7,Secția Cardiologie,40,27,13,0.69,10.2,1,5,0,0
5,16,10,Secția Medicină Internă,22,14,8,0.66,9.2,3,0,0,0
1,12,1,Secția Pediatrie,22,17,5,0.792,13.1,6,0,0,1
4,6,2,Secția ATI,34,24,10,0.714,9.2,3,1,0,0
2,13,8,Secția ATI,42,31,11,0.756,6.6,0,2,0,1
0,8,6,Secția Pediatrie,32,18,14,0.578,12.6,2,0,0,0
0,1,11,Secția Neurologie,23,15,8,0.662,4.7,4,4,0,0
0,13,3,Secția Pediatrie,41,25,16,0.633,2.3,0,5,0,0
4,4,6,Secția Neurologie,33,19,14,0.577,10.7,8,4,0,0
2,7,11,Secția Pediatrie,23,13,10,0.606,2.4,1,0,0,0
4,20,4,Secția Cardiologie,38,19,19,0.524,13.0,1,4,0,0
4,10,5,Secția Ginecologie,22,11,11,0.532,2.7,6,4,0,0
5,8,9,Secția Neurologie,33,14,19,0.435,6.8,1,3,0,0
0,15,7,Secția ATI,20,12,8,0.649,2.7,0,4,0,0
0,22,4,Secția Ortopedie,41,22,19,0.542,9.9,8,0,0,0
1,14,9,Secția Ortopedie,45,32,13,0.722,4.5,2,0,0,0
1,18,4,Secția ATI,42,28,14,0.681,6.9,8,2,0,0
2,7,5,Secția Pediatrie,45,27,18,0.613,7.9,4,0,0,0
5,4,5,Secția Medicină Internă,27,13,14,0.508,12.4,0,5,0,0
1,6,9,Secția Chirurgie,10,5,5,0.549,13.6,5,0,0,0
5,17,5,Secția Medicină Internă,36,11,25,0.313,12.7,4,2,0,0
0,20,1,Secția Neurologie,24,17,7,0.738,4.3,0,4,0,0
5,18,2,Secția Ortopedie,26,11,15,0.454,12.3,8,1,0,0
6,14,4,Secția Neurologie,27,14,13,0.548,12.2,6,1,0,0
3,7,12,Secția Ortopedie,33,26,7,0.812,2.9,7,0,1,1
3,5,8,Secția Medicină Internă,21,11,10,0.552,10.5,4,0,0,0
2,5,3,Secția Ortopedie,48,32,16,0.679,3.4,2,0,0,0
3,7,8,Secția Ortopedie,16,7,9,0.49,10.8,0,4,0,0
0,12,7,Secția ATI,17,12,5,0.736,11.7,0,1,0,0
1,2,5,Secția Medicină Internă,50,23,27,0.478,1.1,1,4,0,0
5,10,12,Secția Chirurgie,22,10,12,0.475,2.8,7,6,0,0
1,9,6,Secția Ginecologie,19,11,8,0.606,4.5,8,0,0,0
0,1,2,Secția Pediatrie,16,14,2,0.9,7.7,6,1,1,2
0,7,1,Secția Cardiologie,37,24,13,0.666,4.7,6,5,0,0
5,3,8,Secția Medicină Internă,17,8,9,0.474,3.9,4,2,0,0
0,19,6,Secția Chirurgie,33,27,6,0.839,12.6,2,1,1,1
3,16,6,Secția Medicină Internă,37,15,22,0.425,3.0,4,4,0,0
6,9,6,Secția Chirurgie,27,14,13,0.553,13.1,1,6,0,0
0,4,11,Secția Medicină Internă,30,19,11,0.661,2.9,7,5,0,0
6,15,2,Secția Chirurgie,46,19,27,0.426,2.9,5,1,0,0
1,12,6,Secția Neurologie,41,30,11,0.735,6.5,6,4,0,0
6,20,6,Secția Medicină Internă,25,7,18,0.288,8.0,7,4,0,0
4,7,7,Secția Chirurgie,47,28,19,0.601,10.3,8,4,0,0
6,22,12,Secția Cardiologie,15,8,7,0.551,13.9,0,2,0,0
4,15,3,Secția Chirurgie,13,7,6,0.609,12.8,5,6,0,0
6,4,5,Secția Ginecologie,19,10,9,0.528,13.1,6,1,0,0
1,7,1,Secția Medicină Internă,17,10,7,0.619,13.5,2,3,0,0
5,0,12,Secția Ortopedie,33,19,14,0.604,8.6,7,6,0,0
4,5,1,Secția Medicină Internă,33,22,11,0.669,2.8,3,0,0,0
0,18,7,Secția Medicină Internă,21,11,10,0.535,7.9,4,3,0,0
3,23,6,Secția Ginecologie,10,5,5,0.512,4.7,2,0,0,0
5,1,10,Secția Medicină Internă,42,21,21,0.514,6.5,7,4,0,0
5,8,10,Secția Pediatrie,24,13,11,0.552,6.5,2,2,0,0
0,16,7,Secția Medicină Internă,23,14,9,0.617,6.1,8,4,0,0
6,2,12,Secția Ginecologie,40,22,18,0.574,5.1,6,6,0,0
3,5,1,Secția Neurologie,37,24,13,0.67,2.0,5,0,0,0
1,9,3,Secția Chirurgie,14,9,5,0.704,3.8,0,6,0,0
2,6,9,Secția Cardiologie,50,31,19,0.63,2.1,0,4,0,0
6,15,1,Secția ATI,30,21,9,0.712,2.2,4,0,0,0
2,9,7,Secția Cardiologie,30,15,15,0.502,13.7,1,2,0,0
3,23,9,Secția Chirurgie,42,14,28,0.357,11.5,2,0,0,0
4,12,8,Secția ATI,28,22,6,0.796,2.0,1,5,0,1
1,6,11,Secția Medicină Internă,20,18,2,0.904,13.9,8,4,1,2
5,19,11,Secția Neurologie,38,21,17,0.574,5.7,6,0,0,0
5,21,7,Secția Cardiologie,23,6,17,0.293,14.0,1,1,0,0
4,20,8,Secția Chirurgie,10,6,4,0.652,8.1,1,3,0,0
0,14,6,Secția Medicină Internă,28,23,5,0.839,3.1,4,4,1,1
2,11,2,Secția Chirurgie,21,14,7,0.667,13.8,4,6,0,0
3,20,3,Secția Chirurgie,46,19,27,0.421,7.3,5,6,0,0
2,12,7,Secția Medicină Internă,38,15,23,0.395,13.4,5,0,0,0
5,13,9,Secția Ginecologie,26,17,9,0.672,12.4,0,4,0,0
5,1,12,Secția Cardiologie,45,35,10,0.785,4.8,2,4,0,1
3,2,4,Secția Ortopedie,39,21,18,0.562,9.7,5,3,0,0
3,20,9,Secția Ginecologie,16,11,5,0.717,12.9,6,6,0,0
3,6,7,Secția Neurologie,14,8,6,0.6,5.1,7,1,0,0
5,23,8,Secția Chirurgie,27,6,21,0.255,13.3,2,5,0,0
1,10,10,Secția ATI,48,42,6,0.892,11.1,0,6,1,2
2,13,8,Secția Cardiologie,13,7,6,0.556,10.9,6,2,0,0
2,20,3,Secția Chirurgie,19,10,9,0.575,1.9,6,0,0,0
2,22,8,Secția Ortopedie,43,23,20,0.557,3.4,0,0,0,0
3,10,5,Secția Medicină Internă,22,18,4,0.847,5.5,6,3,1,1
3,17,12,Secția Medicină Internă,37,19,18,0.537,6.1,0,4,0,0
6,19,4,Secția Chirurgie,47,28,19,0.596,9.0,5,5,0,0
6,23,12,Secția Neurologie,10,6,4,0.628,2.9,5,0,0,0
6,21,7,Secția Pediatrie,43,21,22,0.508,10.4,7,6,0,0
6,4,11,Secția Ginecologie,50,30,20,0.603,3.8,3,3,0,0
5,17,3,Secția Ortopedie,23,10,13,0.44,5.5,3,5,0,0
4,0,6,Secția Neurologie,11,5,6,0.467,11.6,1,5,0,0
3,20,8,Secția Ortopedie,36,21,15,0.597,5.6,8,3,0,0
4,10,2,Secția Medicină Internă,39,24,15,0.633,8.7,8,3,0,0
3,9,11,Secția Ortopedie,50,34,16,0.683,4.7,1,0,0,0
6,3,2,Secția ATI,49,36,13,0.751,10.7,8,0,0,1
5,14,9,Secția ATI,28,17,11,0.627,12.1,3,1,0,0
6,14,9,Secția Ortopedie,17,9,8,0.545,2.6,7,3,0,0
6,20,12,Secția Ortopedie,10,6,4,0.677,13.2,3,4,0,0
2,8,11,Secția Pediatrie,29,22,7,0.763,6.4,3,0,0,1
3,1,1,Secția ATI,19,11,8,0.618,11.3,8,6,0,0
5,19,6,Secția Neurologie,20,15,5,0.765,4.1,6,1,0,1
4,20,7,Secția ATI,46,25,21,0.554,6.6,6,5,0,0
1,12,6,Secția Medicină Internă,37,24,13,0.673,2.6,1,5,0,0
4,12,11,Secția Pediatrie,45,39,6,0.887,3.1,5,1,1,2
0,2,1,Secția Ortopedie,10,6,4,0.639,1.4,8,0,0,0
4,12,1,Secția Medicină Internă,39,22,17,0.583,9.2,5,1,0,0
1,20,4,Secția Pediatrie,22,12,10,0.562,11.1,6,6,0,0
2,21,1,Secția Pediatrie,15,9,6,0.63,13.2,0,5,0,0
4,3,2,Secția Ginecologie,48,33,15,0.698,4.4,2,0,0,0
0,15,6,Secția Cardiologie,35,24,11,0.696,2.3,0,3,0,0
0,15,11,Secția Chirurgie,23,17,6,0.755,5.1,7,6,0,1
1,5,5,Secția ATI,21,14,7,0.693,9.6,0,0,0,0
2,11,8,Secția ATI,20,12,8,0.609,2.6,0,4,0,0
0,16,9,Secția Medicină Internă,23,15,8,0.687,12.3,1,1,0,0
0,10,3,Secția Cardiologie,15,9,6,0.66,4.5,7,1,0,0
0,11,12,Secția Pediatrie,39,20,19,0.518,10.7,7,3,0,0
4,12,4,Secția Pediatrie,21,14,7,0.675,10.3,6,0,0,0
4,18,5,Secția Medicină Internă,23,17,6,0.77,13.4,7,3,0,1
3,13,10,Secția Pediatrie,30,14,16,0.482,6.6,5,2,0,0
5,2,8,Secția Medicină Internă,12,3,9,0.286,13.5,4,4,0,0
3,9,10,Secția Neurologie,35,21,14,0.624,5.2,2,2,0,0
1,2,4,Secția Neurologie,33,21,12,0.664,2.9,5,0,0,0
0,10,12,Secția ATI,31,30,1,0.985,5.2,3,4,1,3
0,12,5,Secția Cardiologie,43,36,7,0.851,3.8,8,2,1,2
5,19,11,Secția Chirurgie,46,29,17,0.648,10.8,5,6,0,0
2,6,4,Secția ATI,41,25,16,0.622,7.5,4,3,0,0
0,3,8,Secția Medicină Internă,48,26,22,0.545,8.5,4,0,0,0
5,18,1,Secția Ginecologie,28,18,10,0.654,2.7,6,0,0,0
4,16,1,Secția Neurologie,11,8,3,0.749,11.4,4,2,0,0
2,11,7,Secția Chirurgie,45,25,20,0.573,11.1,7,4,0,0
0,12,5,Secția Ginecologie,41,36,5,0.882,2.6,5,4,1,2
0,0,4,Secția ATI,10,5,5,0.545,2.8,5,6,0,0
5,23,7,Secția Cardiologie,20,11,9,0.564,11.6,8,0,0,0
5,1,5,Secția ATI,17,11,6,0.701,1.6,4,0,0,0
2,10,12,Secția Ortopedie,27,16,11,0.613,8.6,1,1,0,0
2,4,10,Secția Ortopedie,50,14,36,0.291,6.8,1,4,0,0
4,7,10,Secția Ginecologie,41,26,15,0.655,10.5,3,0,0,0
2,9,12,Secția Chirurgie,32,20,12,0.634,8.3,3,5,0,0
5,23,4,Secția Chirurgie,14,6,8,0.492,1.2,3,3,0,0
6,12,4,Secția Ginecologie,16,7,9,0.493,5.4,8,4,0,0
6,10,5,Secția Ginecologie,19,10,9,0.533,2.7,5,3,0,0
3,19,9,Secția Cardiologie,35,17,18,0.504,3.4,4,3,0,0
1,21,5,Secția Chirurgie,19,11,8,0.595,2.4,0,3,0,0
1,8,1,Secția Ginecologie,43,32,11,0.764,6.9,4,0,0,1
4,2,6,Secția Ortopedie,23,13,10,0.583,7.6,0,3,0,0
2,11,2,Secția ATI,34,32,2,0.965,10.5,6,1,1,3
2,6,7,Secția Medicină Internă,48,22,26,0.473,7.7,1,5,0,0
0,20,4,Secția Chirurgie,24,19,5,0.812,2.5,0,4,1,1
2,7,2,Secția Chirurgie,27,18,9,0.675,10.3,6,3,0,0
0,7,12,Secția Pediatrie,41,37,4,0.915,3.7,3,2,1,2
5,9,12,Secția Pediatrie,10,6,4,0.668,10.1,7,5,0,0
2,22,4,Secția Medicină Internă,30,18,12,0.629,9.9,2,1,0,0
2,14,3,Secția ATI,40,29,11,0.728,13.7,1,1,0,0
5,0,10,Secția Neurologie,40,18,22,0.461,8.6,7,6,0,0
1,15,2,Secția ATI,11,6,5,0.616,11.9,8,4,0,0
1,4,2,Secția Chirurgie,29,17,12,0.6,11.5,5,3,0,0
3,23,6,Secția Pediatrie,41,20,21,0.497,11.8,4,5,0,0
2,16,11,Secția Ginecologie,17,14,3,0.833,4.5,8,5,1,1
5,0,3,Secția Ortopedie,24,9,15,0.414,7.5,3,4,0,0
5,22,7,Secția Neurologie,23,7,16,0.344,10.7,3,3,0,0
5,3,5,Secția Ginecologie,43,24,19,0.57,5.5,5,3,0,0
4,13,5,Secția Pediatrie,22,18,4,0.835,1.5,8,5,1,1
2,19,2,Secția Ortopedie,39,17,22,0.456,5.5,1,0,0,0
3,21,3,Secția Ginecologie,19,8,11,0.463,7.8,4,4,0,0
4,21,3,Secția Pediatrie,41,20,21,0.499,1.2,0,1,0,0
2,18,2,Secția ATI,41,41,0,1.0,5.0,6,2,1,3
5,0,1,Secția Pediatrie,18,8,10,0.492,12.2,8,1,0,0
0,22,5,Secția Medicină Internă,22,16,6,0.729,6.6,1,2,0,0
1,1,8,Secția Neurologie,25,16,9,0.665,6.5,1,2,0,0
2,19,5,Secția Medicină Internă,46,18,28,0.392,6.7,5,6,0,0
4,4,11,Secția Cardiologie,26,19,7,0.75,4.9,1,2,0,1
4,20,8,Secția Medicină Internă,34,20,14,0.615,11.2,6,0,0,0
1,16,8,Secția Neurologie,42,34,8,0.824,7.1,6,3,1,1
3,13,8,Secția ATI,45,28,17,0.625,1.3,6,0,0,0
6,4,10,Secția Pediatrie,25,8,17,0.348,9.1,4,0,0,0
6,12,3,Secția Ortopedie,10,4,6,0.444,7.0,8,3,0,0
6,1,2,Secția ATI,27,21,6,0.784,5.3,1,6,0,1
2,18,8,Secția Neurologie,13,4,9,0.348,2.6,8,5,0,0
5,1,12,Secția Cardiologie,43,28,15,0.672,7.4,3,5,0,0
5,4,5,Secția Pediatrie,10,6,4,0.605,11.5,3,0,0,0
0,0,3,Secția Chirurgie,43,30,13,0.717,7.2,8,3,0,0
3,1,2,Secția Pediatrie,35,24,11,0.696,7.3,2,6,0,0
1,17,5,Secția Ginecologie,49,34,15,0.698,1.3,2,6,0,0
5,21,4,Secția Medicină Internă,42,20,22,0.497,10.6,8,1,0,0
3,15,5,Secția Pediatrie,16,11,5,0.735,9.7,6,3,0,0
5,3,8,Secția Ortopedie,37,13,24,0.364,2.9,4,3,0,0
0,18,7,Secția ATI,47,32,15,0.694,12.6,7,0,0,0
2,4,8,Secția Ginecologie,27,17,10,0.663,1.1,2,2,0,0
4,16,4,Secția Neurologie,43,24,19,0.567,9.5,5,5,0,0
5,18,6,Secția Ginecologie,18,7,11,0.427,4.6,4,3,0,0
0,20,8,Secția Ortopedie,40,21,19,0.54,10.2,8,6,0,0
5,16,5,Secția Medicină Internă,30,13,17,0.453,8.7,5,4,0,0
4,12,2,Secția ATI,11,9,2,0.892,2.3,1,3,1,2
5,15,6,Secția Cardiologie,25,9,16,0.393,2.4,2,5,0,0
3,13,2,Secția ATI,49,41,8,0.85,10.7,7,6,1,1
2,19,11,Secția ATI,21,17,4,0.833,5.2,7,3,1,1
1,20,10,Secția Cardiologie,22,14,8,0.648,4.7,3,5,0,0
1,13,9,Secția Cardiologie,15,12,3,0.829,8.6,1,1,1,1
0,4,1,Secția Neurologie,36,19,17,0.532,5.4,8,3,0,0
1,6,10,Secția Ginecologie,42,23,19,0.55,5.6,8,6,0,0
1,2,8,Secția Ortopedie,50,28,22,0.567,2.0,8,2,0,0
0,3,8,Secția Cardiologie,13,8,5,0.632,8.8,5,0,0,0
1,9,5,Secția Ortopedie,32,27,5,0.871,13.6,1,4,1,2
4,7,9,Secția Pediatrie,35,22,13,0.651,9.0,8,5,0,0
0,18,8,Secția Pediatrie,11,7,4,0.723,3.6,0,1,0,0
1,17,12,Secția Neurologie,13,10,3,0.775,4.1,1,6,0,1
4,19,12,Secția ATI,32,32,0,1.0,8.8,1,4,1,3
3,4,5,Secția ATI,16,10,6,0.665,1.5,8,1,0,0
5,11,7,Secția Ginecologie,29,14,15,0.498,4.0,0,0,0,0
6,6,9,Secția Ortopedie,11,2,9,0.209,8.2,0,3,0,0
6,12,12,Secția Medicină Internă,37,20,17,0.554,2.5,1,4,0,0
2,11,4,Secția Neurologie,37,16,21,0.455,12.9,3,1,0,0
0,18,1,Secția Cardiologie,36,26,10,0.746,11.3,0,6,0,0
0,23,4,Secția ATI,14,7,7,0.549,1.7,7,1,0,0
2,1,6,Secția Neurologie,48,21,27,0.45,4.8,6,3,0,0
5,3,11,Secția Chirurgie,14,6,8,0.476,4.3,8,1,0,0
3,22,12,Secția Neurologie,24,13,11,0.554,5.8,8,2,0,0
6,20,4,Secția Pediatrie,30,14,16,0.485,10.1,8,0,0,0
0,11,7,Secția Ginecologie,27,23,4,0.883,11.9,8,1,1,2
2,23,9,Secția Cardiologie,17,11,6,0.675,5.8,2,0,0,0
1,22,8,Secția Ginecologie,17,14,3,0.826,4.5,6,2,1,1
6,2,1,Secția Pediatrie,49,28,21,0.58,6.0,0,6,0,0
3,12,8,Secția ATI,24,17,7,0.721,6.6,0,5,0,0
2,1,9,Secția Neurologie,11,6,5,0.624,12.8,5,6,0,0
2,18,4,Secția ATI,31,20,11,0.675,12.3,0,6,0,0
0,17,7,Secția Pediatrie,44,19,25,0.435,7.0,8,2,0,0
1,12,8,Secția Cardiologie,18,13,5,0.731,9.9,4,0,0,0
1,17,5,Secția Neurologie,46,27,19,0.597,6.1,4,2,0,0
2,21,5,Secția ATI,17,10,7,0.638,11.9,2,3,0,0
3,0,8,Secția ATI,39,31,8,0.815,1.5,5,3,1,1
5,17,4,Secția Ortopedie,13,5,8,0.407,12.7,8,2,0,0
0,14,3,Secția Pediatrie,27,18,9,0.677,4.4,7,1,0,0
1,20,3,Secția Medicină Internă,49,29,20,0.601,9.5,2,5,0,0
4,14,10,Secția Neurologie,12,6,6,0.527,8.2,3,0,0,0
5,8,5,Secția ATI,32,18,14,0.565,4.1,1,0,0,0
4,14,2,Secția Chirurgie,25,17,8,0.691,3.7,5,6,0,0
6,21,7,Secția Chirurgie,37,16,21,0.447,5.2,5,2,0,0
3,20,6,Secția Ginecologie,28,12,16,0.453,9.1,2,2,0,0
0,9,3,Secția ATI,16,10,6,0.631,7.6,8,6,0,0
4,22,6,Secția Cardiologie,34,12,22,0.362,11.8,0,5,0,0
5,4,7,Secția Chirurgie,14,10,4,0.762,8.4,8,5,0,1
3,17,12,Secția Chirurgie,43,23,20,0.554,11.4,7,5,0,0
4,16,8,Secția Neurologie,27,16,11,0.603,12.8,5,1,0,0
6,11,4,Secția Ginecologie,30,19,11,0.648,10.7,1,5,0,0
1,14,12,Secția Ortopedie,33,30,3,0.935,2.0,5,5,1,2
3,19,4,Secția Ginecologie,36,22,14,0.624,4.0,2,4,0,0
1,13,11,Secția Medicină Internă,48,38,10,0.794,5.1,1,3,0,1
3,16,3,Secția Ginecologie,50,34,16,0.698,12.5,3,1,0,0
3,0,3,Secția Chirurgie,36,19,17,0.537,13.1,1,1,0,0
6,1,7,Secția ATI,20,14,6,0.702,13.9,2,4,0,0
6,16,7,Secția Ortopedie,32,18,14,0.579,4.1,4,0,0,0
2,10,10,Secția Chirurgie,12,8,4,0.733,2.0,5,3,0,0
3,20,8,Secția Ortopedie,28,14,14,0.509,10.5,8,0,0,0
1,0,10,Secția Neurologie,39,18,21,0.464,5.9,7,1,0,0
4,23,10,Secția Pediatrie,16,9,7,0.566,1.6,8,4,0,0
4,16,7,Secția Pediatrie,30,20,10,0.689,6.0,2,1,0,0
0,23,12,Secția Cardiologie,37,21,16,0.594,9.0,1,2,0,0
2,5,2,Secția Pediatrie,27,17,10,0.631,7.3,3,1,0,0
2,8,10,Secția Chirurgie,24,12,12,0.517,3.7,8,6,0,0
1,0,10,Secția ATI,44,32,12,0.743,8.0,3,0,0,0
3,0,6,Secția Cardiologie,28,18,10,0.646,10.5,8,1,0,0
6,14,5,Secția Chirurgie,17,7,10,0.444,6.8,6,3,0,0
2,2,3,Secția Pediatrie,17,12,5,0.762,10.7,3,5,0,1
0,10,3,Secția Neurologie,27,17,10,0.657,6.9,8,5,0,0
6,2,12,Secția Neurologie,12,3,9,0.296,11.3,5,1,0,0
6,17,11,Secția ATI,50,40,10,0.813,9.2,3,1,1,1
4,12,4,Secția Cardiologie,26,12,14,0.464,3.4,7,2,0,0
1,6,11,Secția Chirurgie,43,33,10,0.776,12.1,3,0,0,1
3,2,8,Secția Cardiologie,21,14,7,0.678,9.0,3,5,0,0
2,15,9,Secția Medicină Internă,29,18,11,0.644,11.9,4,5,0,0
3,15,11,Secția Ortopedie,48,29,19,0.614,2.3,1,6,0,0
6,9,7,Secția Ginecologie,30,15,15,0.507,4.2,6,0,0,0
1,14,6,Secția Chirurgie,32,18,14,0.589,11.1,7,6,0,0
6,15,10,Secția Ortopedie,25,8,17,0.323,1.4,4,4,0,0
1,13,1,Secția Neurologie,26,19,7,0.744,11.5,6,3,0,0
2,1,5,Secția Ginecologie,24,10,14,0.44,5.4,0,2,0,0
3,13,4,Secția Medicină Internă,44,28,16,0.646,13.3,5,1,0,0
4,17,1,Secția ATI,34,32,2,0.962,2.2,5,2,1,3
6,17,2,Secția ATI,43,31,12,0.737,13.8,8,3,0,0
6,22,4,Secția Pediatrie,20,11,9,0.594,12.8,5,3,0,0
1,17,12,Secția Cardiologie,10,7,3,0.774,13.2,1,4,0,1
3,15,1,Secția Medicină Internă,28,19,9,0.705,4.9,3,5,0,0
6,22,4,Secția ATI,27,16,11,0.6,5.9,6,1,0,0
6,23,5,Secția Chirurgie,14,3,11,0.23,2.0,6,0,0,0
0,23,9,Secția Medicină Internă,16,10,6,0.631,3.5,4,6,0,0
2,13,9,Secția ATI,29,15,14,0.538,4.6,3,0,0,0
2,20,10,Secția Ginecologie,34,18,16,0.536,13.6,8,2,0,0
3,9,12,Secția Cardiologie,34,23,11,0.701,1.2,7,5,0,0
3,11,9,Secția Chirurgie,38,24,14,0.653,6.2,3,3,0,0
2,15,10,Secția Chirurgie,29,26,3,0.922,5.3,1,0,1,2
4,5,4,Secția Ginecologie,47,25,22,0.55,9.0,7,4,0,0
5,18,4,Secția ATI,41,27,14,0.666,4.3,4,5,0,0
2,4,1,Secția Neurologie,46,20,26,0.452,4.5,3,6,0,0
4,15,9,Secția Ginecologie,30,13,17,0.459,13.5,3,2,0,0
3,22,8,Secția Chirurgie,16,7,9,0.457,2.7,0,1,0,0
4,23,2,Secția Medicină Internă,22,14,8,0.672,6.7,1,0,0,0
3,15,3,Secția Ginecologie,18,10,8,0.599,6.2,4,0,0,0
3,9,12,Secția Pediatrie,43,21,22,0.499,5.2,5,4,0,0
5,5,3,Secția Pediatrie,43,15,28,0.364,13.4,5,4,0,0
4,8,8,Secția Ginecologie,23,6,17,0.302,13.2,2,1,0,0
4,22,8,Secția ATI,30,17,13,0.591,1.9,0,2,0,0
5,6,4,Secția Chirurgie,44,21,23,0.484,7.0,1,0,0,0
4,14,10,Secția Medicină Internă,14,7,7,0.509,3.9,0,1,0,0
2,9,7,Secția Pediatrie,33,20,13,0.624,9.1,6,2,0,0
